row_label,row_type,dhs_continent,analytical_region,1820,1830,1840,1850,1860,1870,1880,1890,1900,1910,1920,1930,1940,1950,1960,1970,1980,1990,2000,2010,2011,2012,2013,2014,2015,2016,source,source_url
Total,grand_total,,,128502,538381,1427337,2814554,2081261,2742137,5248568,3694294,8202388,6347380,4295510,699375,856608,2499268,3213749,4248203,6244379,9775398,10299430,1042625,1062040,1031631,990553,1016518,1051031,1183505,"DHS/OHSS Yearbook of Immigration Statistics 2016, Table 2 (pp. 6-11)",https://ohss.dhs.gov/sites/default/files/2023-12/2016%2520Yearbook%2520of%2520Immigration%2520Statistics.pdf
Europe,continent,Europe,,99618,422853,1369423,2622617,1880389,2252050,4638684,3576411,7572569,4985411,2560340,444404,472524,1404973,1133443,826327,669694,1349219,1349609,95429,90712,86956,91095,87790,90789,98043,"DHS/OHSS Yearbook of Immigration Statistics 2016, Table 2 (pp. 6-11)",https://ohss.dhs.gov/sites/default/files/2023-12/2016%2520Yearbook%2520of%2520Immigration%2520Statistics.pdf
Austria-Hungary,country,Europe,Eastern Europe,0,0,0,0,3375,60127,314787,534059,2001376,1154727,60891,13902,13677,113015,27590,20387,20437,27529,33929,4325,4703,3208,2061,2058,2965,2620,"DHS/OHSS Yearbook of Immigration Statistics 2016, Table 2 (pp. 6-11)",https://ohss.dhs.gov/sites/default/files/2023-12/2016%2520Yearbook%2520of%2520Immigration%2520Statistics.pdf
Austria,country,Europe,,0,0,0,0,2700,54529,204805,268218,532416,589174,31392,6678,8496,81354,17571,14239,15374,18234,21151,3319,3654,2199,1053,1088,1928,1621,"DHS/OHSS Yearbook of Immigration Statistics 2016, Table 2 (pp. 6-11)",https://ohss.dhs.gov/sites/default/files/2023-12/2016%2520Yearbook%2520of%2520Immigration%2520Statistics.pdf
Hungary,country,Europe,,0,0,0,0,483,5598,109982,203350,685567,565553,29499,7224,5181,31661,10019,6148,5063,9295,12778,1006,1049,1009,1008,970,1037,999,"DHS/OHSS Yearbook of Immigration Statistics 2016, Table 2 (pp. 6-11)",https://ohss.dhs.gov/sites/default/files/2023-12/2016%2520Yearbook%2520of%2520Immigration%2520Statistics.pdf
Belgium,country,Europe,Northern & Western Europe,28,20,3996,5765,5785,6991,18738,19642,37429,32574,21511,4013,12473,18885,9647,5413,7028,7077,8157,732,700,698,803,775,809,821,"DHS/OHSS Yearbook of Immigration Statistics 2016, Table 2 (pp. 6-11)",https://ohss.dhs.gov/sites/default/files/2023-12/2016%2520Yearbook%2520of%2520Immigration%2520Statistics.pdf
Bulgaria,country,Europe,Eastern Europe,0,0,0,0,0,0,0,52,34651,27180,2824,1062,449,97,598,1011,1124,16948,40003,2465,2549,2322,2720,2886,2585,2560,"DHS/OHSS Yearbook of Immigration Statistics 2016, Table 2 (pp. 6-11)",https://ohss.dhs.gov/sites/default/files/2023-12/2016%2520Yearbook%2520of%2520Immigration%2520Statistics.pdf
Czechoslovakia,country,Europe,Eastern Europe,0,0,0,0,0,0,0,0,0,0,101182,17757,8475,1624,2758,5654,5678,8970,18691,1510,1374,1316,1258,1168,1236,1299,"DHS/OHSS Yearbook of Immigration Statistics 2016, Table 2 (pp. 6-11)",https://ohss.dhs.gov/sites/default/files/2023-12/2016%2520Yearbook%2520of%2520Immigration%2520Statistics.pdf
Denmark,country,Europe,Northern & Western Europe,173,927,671,3227,13553,29278,85342,56671,61227,45830,34406,3470,4549,10918,9797,4405,4847,6189,6049,545,473,492,546,533,634,562,"DHS/OHSS Yearbook of Immigration Statistics 2016, Table 2 (pp. 6-11)",https://ohss.dhs.gov/sites/default/files/2023-12/2016%2520Yearbook%2520of%2520Immigration%2520Statistics.pdf
Finland,country,Europe,Northern & Western Europe,0,0,0,0,3,286,9617,36719,0,0,16922,2438,2230,4923,4310,2829,2569,3970,3970,414,398,373,360,368,397,512,"DHS/OHSS Yearbook of Immigration Statistics 2016, Table 2 (pp. 6-11)",https://ohss.dhs.gov/sites/default/files/2023-12/2016%2520Yearbook%2520of%2520Immigration%2520Statistics.pdf
France,country,Europe,Northern & Western Europe,7694,39330,75300,81778,35938,71901,48193,35616,67735,60335,54842,13761,36954,50113,46975,27018,32894,36552,45637,4339,3967,4201,4668,4544,5034,5473,"DHS/OHSS Yearbook of Immigration Statistics 2016, Table 2 (pp. 6-11)",https://ohss.dhs.gov/sites/default/files/2023-12/2016%2520Yearbook%2520of%2520Immigration%2520Statistics.pdf
Germany,country,Europe,Northern & Western Europe,5753,124726,385434,976072,723734,751769,1445181,579072,328722,174227,386634,117736,119403,576905,209616,77142,85752,92207,122373,7929,7072,6732,6880,6387,5965,5895,"DHS/OHSS Yearbook of Immigration Statistics 2016, Table 2 (pp. 6-11)",https://ohss.dhs.gov/sites/default/files/2023-12/2016%2520Yearbook%2520of%2520Immigration%2520Statistics.pdf
Greece,country,Europe,Southern Europe,17,49,17,32,51,209,1807,12732,145402,198108,60774,10599,8605,45153,74173,102370,37729,25403,16841,966,1196,1264,1526,1388,1330,1664,"DHS/OHSS Yearbook of Immigration Statistics 2016, Table 2 (pp. 6-11)",https://ohss.dhs.gov/sites/default/files/2023-12/2016%2520Yearbook%2520of%2520Immigration%2520Statistics.pdf
Ireland,country,Europe,Northern & Western Europe,51617,170672,656145,1029486,427419,422264,674061,405710,344940,166445,201644,28195,15701,47189,37788,11461,22210,65384,15642,1610,1533,1694,1765,1721,1798,1895,"DHS/OHSS Yearbook of Immigration Statistics 2016, Table 2 (pp. 6-11)",https://ohss.dhs.gov/sites/default/files/2023-12/2016%2520Yearbook%2520of%2520Immigration%2520Statistics.pdf
Italy,country,Europe,Southern Europe,430,2225,1476,8643,9853,46296,267660,603761,1930475,1229916,528133,85053,50509,189061,200111,150031,55562,75992,28329,2956,2670,2946,3233,3647,3829,4385,"DHS/OHSS Yearbook of Immigration Statistics 2016, Table 2 (pp. 6-11)",https://ohss.dhs.gov/sites/default/files/2023-12/2016%2520Yearbook%2520of%2520Immigration%2520Statistics.pdf
Netherlands,country,Europe,Northern & Western Europe,1105,1377,7624,11122,8387,14267,52715,29349,42463,46065,29397,7791,13877,46703,37918,10373,11234,13345,17351,1520,1258,1294,1376,1373,1505,1550,"DHS/OHSS Yearbook of Immigration Statistics 2016, Table 2 (pp. 6-11)",https://ohss.dhs.gov/sites/default/files/2023-12/2016%2520Yearbook%2520of%2520Immigration%2520Statistics.pdf
Norway-Sweden,country,Europe,Northern & Western Europe,91,1149,12389,22202,82937,178823,586441,334058,426981,192445,170329,13452,17326,44231,36150,10298,13941,17825,19382,1662,1530,1441,1665,1479,1551,1729,"DHS/OHSS Yearbook of Immigration Statistics 2016, Table 2 (pp. 6-11)",https://ohss.dhs.gov/sites/default/files/2023-12/2016%2520Yearbook%2520of%2520Immigration%2520Statistics.pdf
Norway,country,Europe,,0,0,0,0,0,88644,185111,96810,182542,79488,70327,6901,8326,22813,17371,3927,3835,5211,4599,363,405,314,389,332,357,404,"DHS/OHSS Yearbook of Immigration Statistics 2016, Table 2 (pp. 6-11)",https://ohss.dhs.gov/sites/default/files/2023-12/2016%2520Yearbook%2520of%2520Immigration%2520Statistics.pdf
Sweden,country,Europe,,0,0,0,0,0,90179,401330,237248,244439,112957,100002,6551,9000,21418,18779,6371,10106,12614,14783,1299,1125,1127,1276,1147,1194,1325,"DHS/OHSS Yearbook of Immigration Statistics 2016, Table 2 (pp. 6-11)",https://ohss.dhs.gov/sites/default/files/2023-12/2016%2520Yearbook%2520of%2520Immigration%2520Statistics.pdf
Poland,country,Europe,Eastern Europe,19,366,105,1087,1886,11016,42910,107793,0,0,224420,26460,7774,6498,55773,33699,63483,172249,117921,7391,6634,6024,6073,5437,4921,5287,"DHS/OHSS Yearbook of Immigration Statistics 2016, Table 2 (pp. 6-11)",https://ohss.dhs.gov/sites/default/files/2023-12/2016%2520Yearbook%2520of%2520Immigration%2520Statistics.pdf
Portugal,country,Europe,Southern Europe,252,896,359,4218,4741,13990,15189,25874,65154,82489,44829,3518,6765,13928,70568,104754,42685,25497,11479,759,878,837,917,920,869,1017,"DHS/OHSS Yearbook of Immigration Statistics 2016, Table 2 (pp. 6-11)",https://ohss.dhs.gov/sites/default/files/2023-12/2016%2520Yearbook%2520of%2520Immigration%2520Statistics.pdf
Romania,country,Europe,Eastern Europe,0,0,0,0,0,0,5842,6808,57322,13566,67810,5264,1254,914,2339,10774,24753,48136,52154,3735,3679,3477,3475,3022,3160,3322,"DHS/OHSS Yearbook of Immigration Statistics 2016, Table 2 (pp. 6-11)",https://ohss.dhs.gov/sites/default/files/2023-12/2016%2520Yearbook%2520of%2520Immigration%2520Statistics.pdf
Russia,country,Europe,Eastern Europe,86,280,520,423,1667,34977,173081,413382,1501301,1106998,61604,2473,605,453,2329,28132,33311,433427,167152,7502,8548,10114,10154,9455,9030,9280,"DHS/OHSS Yearbook of Immigration Statistics 2016, Table 2 (pp. 6-11)",https://ohss.dhs.gov/sites/default/files/2023-12/2016%2520Yearbook%2520of%2520Immigration%2520Statistics.pdf
Spain,country,Europe,Southern Europe,2866,2016,1917,8803,6970,5571,3999,9189,24818,53262,47109,3669,2774,6880,40793,41718,22783,18443,17695,2040,2319,2316,2970,3341,3707,4018,"DHS/OHSS Yearbook of Immigration Statistics 2016, Table 2 (pp. 6-11)",https://ohss.dhs.gov/sites/default/files/2023-12/2016%2520Yearbook%2520of%2520Immigration%2520Statistics.pdf
Switzerland,country,Europe,Northern & Western Europe,3148,4430,4819,24423,21124,25212,81151,37020,32541,22839,31772,5990,9904,17577,19193,8536,8316,11768,12173,868,861,916,1040,888,1007,1090,"DHS/OHSS Yearbook of Immigration Statistics 2016, Table 2 (pp. 6-11)",https://ohss.dhs.gov/sites/default/files/2023-12/2016%2520Yearbook%2520of%2520Immigration%2520Statistics.pdf
United Kingdom,country,Europe,Northern & Western Europe,26336,74350,218572,445322,532956,578447,810900,328759,469518,371878,342762,61813,131794,195709,220213,133218,153644,156182,171979,14781,13443,13938,15321,14395,14653,14887,"DHS/OHSS Yearbook of Immigration Statistics 2016, Table 2 (pp. 6-11)",https://ohss.dhs.gov/sites/default/files/2023-12/2016%2520Yearbook%2520of%2520Immigration%2520Statistics.pdf
Yugoslavia,country,Europe,Eastern Europe,0,0,0,0,0,0,0,0,0,0,49215,6920,2039,6966,17990,31862,16267,57039,131831,4772,4611,4488,4445,4321,4721,5392,"DHS/OHSS Yearbook of Immigration Statistics 2016, Table 2 (pp. 6-11)",https://ohss.dhs.gov/sites/default/files/2023-12/2016%2520Yearbook%2520of%2520Immigration%2520Statistics.pdf
Other Europe,country,Europe,Eastern Europe,3,40,79,14,10,626,1070,145,514,6527,21330,9068,5387,7231,6814,5242,3447,29087,290871,22608,20316,16865,17839,17684,19083,22785,"DHS/OHSS Yearbook of Immigration Statistics 2016, Table 2 (pp. 6-11)",https://ohss.dhs.gov/sites/default/files/2023-12/2016%2520Yearbook%2520of%2520Immigration%2520Statistics.pdf
Asia,continent,Asia,,34,55,121,36080,54408,134071,71152,61304,300441,269736,126740,19292,34532,135844,358563,1406526,2391356,2859899,3470835,410209,438580,416488,389301,419382,405854,442854,"DHS/OHSS Yearbook of Immigration Statistics 2016, Table 2 (pp. 6-11)",https://ohss.dhs.gov/sites/default/files/2023-12/2016%2520Yearbook%2520of%2520Immigration%2520Statistics.pdf
China,country,Asia,East Asia,3,8,32,35933,54028,133139,65797,15268,19884,20916,30648,5874,16072,8836,14060,17627,170897,342058,591711,67634,83603,78184,68410,72492,70977,77658,"DHS/OHSS Yearbook of Immigration Statistics 2016, Table 2 (pp. 6-11)",https://ohss.dhs.gov/sites/default/files/2023-12/2016%2520Yearbook%2520of%2520Immigration%2520Statistics.pdf
Hong Kong,country,Asia,East Asia,0,0,0,0,0,0,0,0,0,0,0,0,0,13781,67047,117350,112132,116894,57583,3263,3149,2642,2614,2515,2426,2982,"DHS/OHSS Yearbook of Immigration Statistics 2016, Table 2 (pp. 6-11)",https://ohss.dhs.gov/sites/default/files/2023-12/2016%2520Yearbook%2520of%2520Immigration%2520Statistics.pdf
India,country,Asia,South Asia,9,38,33,42,50,166,247,102,3026,3478,2076,554,1692,1922,18638,148018,231649,352528,590464,66185,66331,63320,65506,74451,61380,61691,"DHS/OHSS Yearbook of Immigration Statistics 2016, Table 2 (pp. 6-11)",https://ohss.dhs.gov/sites/default/files/2023-12/2016%2520Yearbook%2520of%2520Immigration%2520Statistics.pdf
Iran,country,Asia,Middle East & North Africa,0,0,7,0,4,17,18,26,0,0,208,198,1144,3195,9059,33763,98141,76899,76755,9078,9015,8955,9658,8894,9074,9596,"DHS/OHSS Yearbook of Immigration Statistics 2016, Table 2 (pp. 6-11)",https://ohss.dhs.gov/sites/default/files/2023-12/2016%2520Yearbook%2520of%2520Immigration%2520Statistics.pdf
Israel,country,Asia,Middle East & North Africa,0,0,0,0,0,0,0,0,0,0,0,0,98,21376,30911,36306,43669,41340,54081,5172,4389,4640,4555,4251,4324,4652,"DHS/OHSS Yearbook of Immigration Statistics 2016, Table 2 (pp. 6-11)",https://ohss.dhs.gov/sites/default/files/2023-12/2016%2520Yearbook%2520of%2520Immigration%2520Statistics.pdf
Japan,country,Asia,East Asia,0,0,0,0,138,193,1583,13998,139712,77125,42057,2683,1557,41968,40956,52812,44150,66582,84552,7100,6751,6581,6383,5980,5808,5709,"DHS/OHSS Yearbook of Immigration Statistics 2016, Table 2 (pp. 6-11)",https://ohss.dhs.gov/sites/default/files/2023-12/2016%2520Yearbook%2520of%2520Immigration%2520Statistics.pdf
Jordan,country,Asia,Middle East & North Africa,0,0,0,0,0,0,0,0,0,0,0,0,3,4919,9230,25541,28928,42755,53550,9327,8211,7014,5949,9028,7835,7345,"DHS/OHSS Yearbook of Immigration Statistics 2016, Table 2 (pp. 6-11)",https://ohss.dhs.gov/sites/default/files/2023-12/2016%2520Yearbook%2520of%2520Immigration%2520Statistics.pdf
Korea,country,Asia,East Asia,0,0,0,0,0,0,0,0,0,0,0,0,83,4845,27048,241192,322708,179770,209758,22022,22748,20802,22937,20313,16976,21329,"DHS/OHSS Yearbook of Immigration Statistics 2016, Table 2 (pp. 6-11)",https://ohss.dhs.gov/sites/default/files/2023-12/2016%2520Yearbook%2520of%2520Immigration%2520Statistics.pdf
Philippines,country,Asia,Southeast Asia,0,0,0,0,0,4,1,19,605,0,0,457,4099,17245,70660,337726,502056,534338,545463,56399,55251,55441,52955,48633,54307,50609,"DHS/OHSS Yearbook of Immigration Statistics 2016, Table 2 (pp. 6-11)",https://ohss.dhs.gov/sites/default/files/2023-12/2016%2520Yearbook%2520of%2520Immigration%2520Statistics.pdf
Syria,country,Asia,Middle East & North Africa,0,0,0,0,2,7,140,0,0,0,5307,2188,1179,1091,2432,8086,14534,22906,30807,7424,7983,6674,3999,4677,5459,3800,"DHS/OHSS Yearbook of Immigration Statistics 2016, Table 2 (pp. 6-11)",https://ohss.dhs.gov/sites/default/files/2023-12/2016%2520Yearbook%2520of%2520Immigration%2520Statistics.pdf
Taiwan,country,Asia,East Asia,0,0,0,0,0,0,0,0,0,0,0,0,0,721,15657,83155,119051,132647,92657,6785,6206,5295,5336,4712,4814,5062,"DHS/OHSS Yearbook of Immigration Statistics 2016, Table 2 (pp. 6-11)",https://ohss.dhs.gov/sites/default/files/2023-12/2016%2520Yearbook%2520of%2520Immigration%2520Statistics.pdf
Turkey,country,Asia,Middle East & North Africa,19,8,45,94,129,382,2478,27510,127999,160717,40374,1314,754,2980,9464,12209,19208,38687,48394,7435,9040,7362,7189,7248,8762,8635,"DHS/OHSS Yearbook of Immigration Statistics 2016, Table 2 (pp. 6-11)",https://ohss.dhs.gov/sites/default/files/2023-12/2016%2520Yearbook%2520of%2520Immigration%2520Statistics.pdf
Vietnam,country,Asia,Southeast Asia,0,0,0,0,0,0,0,0,0,0,0,0,0,290,2949,121716,200632,275379,289616,30065,33486,27578,26578,29825,30332,40412,"DHS/OHSS Yearbook of Immigration Statistics 2016, Table 2 (pp. 6-11)",https://ohss.dhs.gov/sites/default/files/2023-12/2016%2520Yearbook%2520of%2520Immigration%2520Statistics.pdf
Other Asia,country,Asia,Other Asia,3,1,4,11,57,163,888,4381,9215,7500,6070,6024,7851,12675,40452,171025,483601,637116,745444,112320,122417,122000,107232,126363,123380,143374,"DHS/OHSS Yearbook of Immigration Statistics 2016, Table 2 (pp. 6-11)",https://ohss.dhs.gov/sites/default/files/2023-12/2016%2520Yearbook%2520of%2520Immigration%2520Statistics.pdf
America,continent,America,,9656,31911,50527,84201,130427,345889,529845,38756,277882,1070539,1591278,230319,328435,921644,1674185,1903636,2694504,5137142,4441529,426981,423277,409664,399380,400102,439228,502639,"DHS/OHSS Yearbook of Immigration Statistics 2016, Table 2 (pp. 6-11)",https://ohss.dhs.gov/sites/default/files/2023-12/2016%2520Yearbook%2520of%2520Immigration%2520Statistics.pdf
Canada and Newfoundland,subregion,America,Canada,2297,11875,34285,64171,117975,323974,492508,2668,123067,708715,949286,162703,160911,353169,433128,179267,156313,194788,236349,19491,19506,20138,20489,17670,19309,19349,"DHS/OHSS Yearbook of Immigration Statistics 2016, Table 2 (pp. 6-11)",https://ohss.dhs.gov/sites/default/files/2023-12/2016%2520Yearbook%2520of%2520Immigration%2520Statistics.pdf
Mexico,subregion,America,Mexico & Central America,3835,7187,3069,3446,1957,5133,2405,734,31188,185334,498945,32709,56158,273847,441824,621218,1009586,2757418,1704166,138717,142823,145326,134198,133107,157227,172726,"DHS/OHSS Yearbook of Immigration Statistics 2016, Table 2 (pp. 6-11)",https://ohss.dhs.gov/sites/default/files/2023-12/2016%2520Yearbook%2520of%2520Immigration%2520Statistics.pdf
Caribbean,subregion,America,Caribbean,3061,11792,11803,12447,8809,14592,27600,31885,100960,120860,83482,18052,46285,115869,427843,708643,789343,1004114,1053357,139389,133012,126615,121349,133550,146086,180479,"DHS/OHSS Yearbook of Immigration Statistics 2016, Table 2 (pp. 6-11)",https://ohss.dhs.gov/sites/default/files/2023-12/2016%2520Yearbook%2520of%2520Immigration%2520Statistics.pdf
Cuba,country,America,,0,0,0,0,3420,8705,20134,23669,0,0,12769,10641,25976,73221,202030,256497,132552,159037,271742,33372,36261,32551,31343,46505,54178,66120,"DHS/OHSS Yearbook of Immigration Statistics 2016, Table 2 (pp. 6-11)",https://ohss.dhs.gov/sites/default/files/2023-12/2016%2520Yearbook%2520of%2520Immigration%2520Statistics.pdf
Dominican Republic,country,America,,0,0,0,0,0,0,0,0,0,0,0,1165,4802,10219,83552,139249,221552,359818,291492,53890,46036,41535,41487,44550,50382,60613,"DHS/OHSS Yearbook of Immigration Statistics 2016, Table 2 (pp. 6-11)",https://ohss.dhs.gov/sites/default/files/2023-12/2016%2520Yearbook%2520of%2520Immigration%2520Statistics.pdf
Haiti,country,America,,0,0,0,0,78,149,124,101,0,0,0,207,823,3787,28992,55166,121406,177446,203827,22336,21802,22446,20083,15107,16787,23185,"DHS/OHSS Yearbook of Immigration Statistics 2016, Table 2 (pp. 6-11)",https://ohss.dhs.gov/sites/default/files/2023-12/2016%2520Yearbook%2520of%2520Immigration%2520Statistics.pdf
Jamaica,country,America,,0,0,0,0,61,257,355,223,0,0,0,0,0,7397,62218,130226,193874,177143,172523,19439,19298,20300,19052,18804,17362,22833,"DHS/OHSS Yearbook of Immigration Statistics 2016, Table 2 (pp. 6-11)",https://ohss.dhs.gov/sites/default/files/2023-12/2016%2520Yearbook%2520of%2520Immigration%2520Statistics.pdf
Other Caribbean,country,America,,3061,11792,11803,12447,5250,5481,6987,7892,100960,120860,70713,6039,14684,21245,51051,127505,119959,130670,113773,10352,9615,9783,9384,8584,7377,7728,"DHS/OHSS Yearbook of Immigration Statistics 2016, Table 2 (pp. 6-11)",https://ohss.dhs.gov/sites/default/files/2023-12/2016%2520Yearbook%2520of%2520Immigration%2520Statistics.pdf
Central America,subregion,America,Mexico & Central America,57,94,297,512,70,202,359,674,7341,15692,16511,6840,20135,40201,98569,120376,339376,610189,591130,43597,43249,39837,44056,43638,46556,54512,"DHS/OHSS Yearbook of Immigration Statistics 2016, Table 2 (pp. 6-11)",https://ohss.dhs.gov/sites/default/files/2023-12/2016%2520Yearbook%2520of%2520Immigration%2520Statistics.pdf
Belize,country,America,,0,0,0,0,9,26,80,25,583,40,285,193,433,1133,4185,6747,14964,12600,9682,997,933,875,969,823,804,878,"DHS/OHSS Yearbook of Immigration Statistics 2016, Table 2 (pp. 6-11)",https://ohss.dhs.gov/sites/default/files/2023-12/2016%2520Yearbook%2520of%2520Immigration%2520Statistics.pdf
Costa Rica,country,America,,0,0,0,0,2,4,1,4,0,0,0,580,1965,4044,17975,12405,25017,17054,21571,2306,2230,2152,2232,2018,2121,2295,"DHS/OHSS Yearbook of Immigration Statistics 2016, Table 2 (pp. 6-11)",https://ohss.dhs.gov/sites/default/files/2023-12/2016%2520Yearbook%2520of%2520Immigration%2520Statistics.pdf
El Salvador,country,America,,0,0,0,0,0,3,0,7,0,0,0,712,4885,5094,14405,29428,137418,273017,251237,18547,18477,15874,18015,18964,18699,21268,"DHS/OHSS Yearbook of Immigration Statistics 2016, Table 2 (pp. 6-11)",https://ohss.dhs.gov/sites/default/files/2023-12/2016%2520Yearbook%2520of%2520Immigration%2520Statistics.pdf
Guatemala,country,America,,0,0,0,0,1,10,3,9,0,0,0,632,1303,4197,14357,23837,58847,126043,156992,10263,10795,9857,9829,9871,11466,12548,"DHS/OHSS Yearbook of Immigration Statistics 2016, Table 2 (pp. 6-11)",https://ohss.dhs.gov/sites/default/files/2023-12/2016%2520Yearbook%2520of%2520Immigration%2520Statistics.pdf
Honduras,country,America,,0,0,0,0,0,11,4,4,0,0,0,809,1874,5320,15087,15653,39071,72880,63513,6381,6053,6773,8795,8025,9071,12996,"DHS/OHSS Yearbook of Immigration Statistics 2016, Table 2 (pp. 6-11)",https://ohss.dhs.gov/sites/default/files/2023-12/2016%2520Yearbook%2520of%2520Immigration%2520Statistics.pdf
Nicaragua,country,America,,0,0,0,0,0,1,1,3,0,0,0,564,4393,7812,10383,10911,31102,80446,70015,3476,3314,2943,2940,2773,3262,3397,"DHS/OHSS Yearbook of Immigration Statistics 2016, Table 2 (pp. 6-11)",https://ohss.dhs.gov/sites/default/files/2023-12/2016%2520Yearbook%2520of%2520Immigration%2520Statistics.pdf
Panama,country,America,,0,0,0,0,0,0,0,0,0,0,0,1774,5282,12601,22177,21395,32957,28149,18120,1627,1447,1363,1276,1164,1133,1130,"DHS/OHSS Yearbook of Immigration Statistics 2016, Table 2 (pp. 6-11)",https://ohss.dhs.gov/sites/default/files/2023-12/2016%2520Yearbook%2520of%2520Immigration%2520Statistics.pdf
Other Central America,country,America,,57,94,297,512,58,147,270,622,6758,15652,16226,1576,0,0,0,0,0,0,0,0,0,0,0,0,0,0,"DHS/OHSS Yearbook of Immigration Statistics 2016, Table 2 (pp. 6-11)",https://ohss.dhs.gov/sites/default/files/2023-12/2016%2520Yearbook%2520of%2520Immigration%2520Statistics.pdf
South America,subregion,America,South America,405,957,1062,3569,1536,1109,1954,1389,15253,39938,43025,9990,19662,78418,250754,273529,399803,570596,856508,85783,84687,77748,79287,72135,70049,75571,"DHS/OHSS Yearbook of Immigration Statistics 2016, Table 2 (pp. 6-11)",https://ohss.dhs.gov/sites/default/files/2023-12/2016%2520Yearbook%2520of%2520Immigration%2520Statistics.pdf
Argentina,country,America,,0,0,0,0,7,58,64,36,0,0,0,1397,3108,16346,49384,30303,23442,30065,47955,4312,4335,4218,4227,3757,3542,3783,"DHS/OHSS Yearbook of Immigration Statistics 2016, Table 2 (pp. 6-11)",https://ohss.dhs.gov/sites/default/files/2023-12/2016%2520Yearbook%2520of%2520Immigration%2520Statistics.pdf
Bolivia,country,America,,0,0,0,0,0,5,0,0,0,0,0,77,893,2759,6205,5635,9798,18111,21921,2211,2113,1920,2005,1663,1549,1481,"DHS/OHSS Yearbook of Immigration Statistics 2016, Table 2 (pp. 6-11)",https://ohss.dhs.gov/sites/default/files/2023-12/2016%2520Yearbook%2520of%2520Immigration%2520Statistics.pdf
Brazil,country,America,,0,0,0,0,32,219,199,92,0,0,4627,1468,3653,11547,29238,18600,22944,50744,115404,12057,11643,11248,10772,10246,11247,13528,"DHS/OHSS Yearbook of Immigration Statistics 2016, Table 2 (pp. 6-11)",https://ohss.dhs.gov/sites/default/files/2023-12/2016%2520Yearbook%2520of%2520Immigration%2520Statistics.pdf
Chile,country,America,,0,0,0,0,25,92,44,66,0,0,0,568,1320,4669,12384,15032,19749,18200,19792,1940,1854,1628,1751,1591,1620,1711,"DHS/OHSS Yearbook of Immigration Statistics 2016, Table 2 (pp. 6-11)",https://ohss.dhs.gov/sites/default/files/2023-12/2016%2520Yearbook%2520of%2520Immigration%2520Statistics.pdf
Colombia,country,America,,0,0,0,0,2,196,1210,607,0,0,0,1278,3454,15567,68371,71265,105494,137985,236570,21861,22130,20272,20611,17614,16509,16830,"DHS/OHSS Yearbook of Immigration Statistics 2016, Table 2 (pp. 6-11)",https://ohss.dhs.gov/sites/default/files/2023-12/2016%2520Yearbook%2520of%2520Immigration%2520Statistics.pdf
Ecuador,country,America,,0,0,0,0,0,7,14,33,0,0,0,320,2207,8574,34107,47464,48015,81358,107977,11463,11068,9284,10553,10871,9816,10779,"DHS/OHSS Yearbook of Immigration Statistics 2016, Table 2 (pp. 6-11)",https://ohss.dhs.gov/sites/default/files/2023-12/2016%2520Yearbook%2520of%2520Immigration%2520Statistics.pdf
Guyana,country,America,,0,0,0,0,41,95,68,27,0,0,0,193,596,1131,4546,38278,85886,74407,70373,6441,6288,5282,5564,6031,5313,4909,"DHS/OHSS Yearbook of Immigration Statistics 2016, Table 2 (pp. 6-11)",https://ohss.dhs.gov/sites/default/files/2023-12/2016%2520Yearbook%2520of%2520Immigration%2520Statistics.pdf
Paraguay,country,America,,0,0,0,0,0,2,0,0,0,0,0,36,85,576,1249,1486,3518,6082,4623,449,501,454,437,363,353,400,"DHS/OHSS Yearbook of Immigration Statistics 2016, Table 2 (pp. 6-11)",https://ohss.dhs.gov/sites/default/files/2023-12/2016%2520Yearbook%2520of%2520Immigration%2520Statistics.pdf
Peru,country,America,,0,0,0,0,35,127,25,79,0,0,0,460,1273,5980,19783,25311,49958,110117,137614,14063,13836,12414,12370,10450,9973,10519,"DHS/OHSS Yearbook of Immigration Statistics 2016, Table 2 (pp. 6-11)",https://ohss.dhs.gov/sites/default/files/2023-12/2016%2520Yearbook%2520of%2520Immigration%2520Statistics.pdf
Suriname,country,America,,0,0,0,0,0,0,0,0,0,0,0,33,130,299,612,714,1357,2285,2363,202,167,216,170,160,116,130,"DHS/OHSS Yearbook of Immigration Statistics 2016, Table 2 (pp. 6-11)",https://ohss.dhs.gov/sites/default/files/2023-12/2016%2520Yearbook%2520of%2520Immigration%2520Statistics.pdf
Uruguay,country,America,,0,0,0,0,0,22,4,144,0,0,0,153,754,1026,4089,8416,7235,6062,9827,1286,1521,1348,1314,1098,1023,911,"DHS/OHSS Yearbook of Immigration Statistics 2016, Table 2 (pp. 6-11)",https://ohss.dhs.gov/sites/default/files/2023-12/2016%2520Yearbook%2520of%2520Immigration%2520Statistics.pdf
Venezuela,country,America,,0,0,0,0,36,190,248,0,0,0,0,1360,2182,9927,20758,11007,22405,35180,82087,9497,9229,9464,9512,8289,8985,10590,"DHS/OHSS Yearbook of Immigration Statistics 2016, Table 2 (pp. 6-11)",https://ohss.dhs.gov/sites/default/files/2023-12/2016%2520Yearbook%2520of%2520Immigration%2520Statistics.pdf
Other South America,country,America,,405,957,1062,3569,1358,96,78,305,15253,39938,38398,2647,7,17,28,18,2,0,2,1,2,0,1,2,3,0,"DHS/OHSS Yearbook of Immigration Statistics 2016, Table 2 (pp. 6-11)",https://ohss.dhs.gov/sites/default/files/2023-12/2016%2520Yearbook%2520of%2520Immigration%2520Statistics.pdf
Other America,subregion,America,Other & not specified,1,6,11,56,80,879,5019,1406,73,0,29,25,25284,60140,22067,603,83,37,19,4,0,0,1,2,1,2,"DHS/OHSS Yearbook of Immigration Statistics 2016, Table 2 (pp. 6-11)",https://ohss.dhs.gov/sites/default/files/2023-12/2016%2520Yearbook%2520of%2520Immigration%2520Statistics.pdf
Africa,continent,Africa,,19,66,67,104,458,441,768,432,6326,8867,6362,2120,6720,13016,23780,71405,141987,346410,759734,98246,97429,103685,94589,94834,98677,110754,"DHS/OHSS Yearbook of Immigration Statistics 2016, Table 2 (pp. 6-11)",https://ohss.dhs.gov/sites/default/files/2023-12/2016%2520Yearbook%2520of%2520Immigration%2520Statistics.pdf
Egypt,country,Africa,Middle East & North Africa,0,0,0,5,8,29,145,51,0,0,1063,781,1613,1996,5581,23543,26744,44604,81564,9822,9096,10172,10719,12043,13907,13367,"DHS/OHSS Yearbook of Immigration Statistics 2016, Table 2 (pp. 6-11)",https://ohss.dhs.gov/sites/default/files/2023-12/2016%2520Yearbook%2520of%2520Immigration%2520Statistics.pdf
Ethiopia,country,Africa,Sub-Saharan Africa,0,0,0,0,0,0,0,0,0,0,0,10,28,302,804,2588,12927,40097,87207,13853,13985,15400,13484,12926,12566,13699,"DHS/OHSS Yearbook of Immigration Statistics 2016, Table 2 (pp. 6-11)",https://ohss.dhs.gov/sites/default/files/2023-12/2016%2520Yearbook%2520of%2520Immigration%2520Statistics.pdf
Liberia,country,Africa,Sub-Saharan Africa,1,8,5,7,43,52,21,9,0,0,0,35,37,289,841,2391,6420,13587,23316,2924,3117,3451,3036,3681,3580,3545,"DHS/OHSS Yearbook of Immigration Statistics 2016, Table 2 (pp. 6-11)",https://ohss.dhs.gov/sites/default/files/2023-12/2016%2520Yearbook%2520of%2520Immigration%2520Statistics.pdf
Morocco,country,Africa,Middle East & North Africa,0,4,1,0,0,15,12,9,0,0,0,110,1463,3293,2880,1967,3471,15768,40844,4847,4249,3534,3202,3495,3569,4447,"DHS/OHSS Yearbook of Immigration Statistics 2016, Table 2 (pp. 6-11)",https://ohss.dhs.gov/sites/default/files/2023-12/2016%2520Yearbook%2520of%2520Immigration%2520Statistics.pdf
South Africa,country,Africa,Sub-Saharan Africa,0,0,0,0,79,48,23,9,0,0,0,312,1022,2278,4360,10002,15505,21964,32221,2705,2754,2960,2693,2871,3298,3441,"DHS/OHSS Yearbook of Immigration Statistics 2016, Table 2 (pp. 6-11)",https://ohss.dhs.gov/sites/default/files/2023-12/2016%2520Yearbook%2520of%2520Immigration%2520Statistics.pdf
Other Africa,country,Africa,Sub-Saharan Africa,18,54,61,92,328,297,567,354,6326,8867,5299,872,2557,4858,9314,30914,76920,210390,494582,64095,64228,68168,61455,59818,61757,72255,"DHS/OHSS Yearbook of Immigration Statistics 2016, Table 2 (pp. 6-11)",https://ohss.dhs.gov/sites/default/files/2023-12/2016%2520Yearbook%2520of%2520Immigration%2520Statistics.pdf
Oceania,continent,Oceania,Other & not specified,2,1,3,110,107,9094,7341,3279,11677,12339,9860,3240,14262,11319,23659,39983,41432,56800,65793,5946,5825,5573,6061,5980,6227,6489,"DHS/OHSS Yearbook of Immigration Statistics 2016, Table 2 (pp. 6-11)",https://ohss.dhs.gov/sites/default/files/2023-12/2016%2520Yearbook%2520of%2520Immigration%2520Statistics.pdf
Australia,country,Oceania,,2,1,2,104,96,8933,7250,3098,11191,11280,8404,2260,11201,8275,14986,18708,16901,24288,32728,3077,3062,3146,3529,3582,3795,4173,"DHS/OHSS Yearbook of Immigration Statistics 2016, Table 2 (pp. 6-11)",https://ohss.dhs.gov/sites/default/files/2023-12/2016%2520Yearbook%2520of%2520Immigration%2520Statistics.pdf
New Zealand,country,Oceania,,0,0,0,2,6,39,21,12,0,0,935,790,2351,1799,3775,5018,6129,8600,12495,1046,1006,980,1027,941,978,939,"DHS/OHSS Yearbook of Immigration Statistics 2016, Table 2 (pp. 6-11)",https://ohss.dhs.gov/sites/default/files/2023-12/2016%2520Yearbook%2520of%2520Immigration%2520Statistics.pdf
Other Oceania,country,Oceania,,0,0,1,4,5,122,70,169,486,1059,521,190,710,1245,4898,16257,18402,23912,20570,1823,1757,1447,1505,1457,1454,1377,"DHS/OHSS Yearbook of Immigration Statistics 2016, Table 2 (pp. 6-11)",https://ohss.dhs.gov/sites/default/files/2023-12/2016%2520Yearbook%2520of%2520Immigration%2520Statistics.pdf
Not Specified,unspecified,,Other & not specified,19173,83495,7196,71442,15472,592,778,14112,33493,488,930,0,135,12472,119,326,305406,25928,211930,5814,6217,9265,10127,8430,10256,22726,"DHS/OHSS Yearbook of Immigration Statistics 2016, Table 2 (pp. 6-11)",https://ohss.dhs.gov/sites/default/files/2023-12/2016%2520Yearbook%2520of%2520Immigration%2520Statistics.pdf
