decade_start,decade_label,region,immigrants,source,source_url,notes
1820,1820–1829,Northern & Western Europe,95945,"DHS/OHSS Yearbook of Immigration Statistics 2016, Table 2",https://ohss.dhs.gov/sites/default/files/2023-12/2016%2520Yearbook%2520of%2520Immigration%2520Statistics.pdf,Persons obtaining LPR status by region of last residence (country of origin before 1906).
1820,1820–1829,Southern Europe,3565,"DHS/OHSS Yearbook of Immigration Statistics 2016, Table 2",https://ohss.dhs.gov/sites/default/files/2023-12/2016%2520Yearbook%2520of%2520Immigration%2520Statistics.pdf,Persons obtaining LPR status by region of last residence (country of origin before 1906).
1820,1820–1829,Eastern Europe,108,"DHS/OHSS Yearbook of Immigration Statistics 2016, Table 2",https://ohss.dhs.gov/sites/default/files/2023-12/2016%2520Yearbook%2520of%2520Immigration%2520Statistics.pdf,Persons obtaining LPR status by region of last residence (country of origin before 1906).
1820,1820–1829,East Asia,3,"DHS/OHSS Yearbook of Immigration Statistics 2016, Table 2",https://ohss.dhs.gov/sites/default/files/2023-12/2016%2520Yearbook%2520of%2520Immigration%2520Statistics.pdf,Persons obtaining LPR status by region of last residence (country of origin before 1906).
1820,1820–1829,South Asia,9,"DHS/OHSS Yearbook of Immigration Statistics 2016, Table 2",https://ohss.dhs.gov/sites/default/files/2023-12/2016%2520Yearbook%2520of%2520Immigration%2520Statistics.pdf,Persons obtaining LPR status by region of last residence (country of origin before 1906).
1820,1820–1829,Southeast Asia,0,"DHS/OHSS Yearbook of Immigration Statistics 2016, Table 2",https://ohss.dhs.gov/sites/default/files/2023-12/2016%2520Yearbook%2520of%2520Immigration%2520Statistics.pdf,Persons obtaining LPR status by region of last residence (country of origin before 1906).
1820,1820–1829,Other Asia,3,"DHS/OHSS Yearbook of Immigration Statistics 2016, Table 2",https://ohss.dhs.gov/sites/default/files/2023-12/2016%2520Yearbook%2520of%2520Immigration%2520Statistics.pdf,Persons obtaining LPR status by region of last residence (country of origin before 1906).
1820,1820–1829,Middle East & North Africa,19,"DHS/OHSS Yearbook of Immigration Statistics 2016, Table 2",https://ohss.dhs.gov/sites/default/files/2023-12/2016%2520Yearbook%2520of%2520Immigration%2520Statistics.pdf,Persons obtaining LPR status by region of last residence (country of origin before 1906).
1820,1820–1829,Sub-Saharan Africa,19,"DHS/OHSS Yearbook of Immigration Statistics 2016, Table 2",https://ohss.dhs.gov/sites/default/files/2023-12/2016%2520Yearbook%2520of%2520Immigration%2520Statistics.pdf,Persons obtaining LPR status by region of last residence (country of origin before 1906).
1820,1820–1829,Mexico & Central America,3892,"DHS/OHSS Yearbook of Immigration Statistics 2016, Table 2",https://ohss.dhs.gov/sites/default/files/2023-12/2016%2520Yearbook%2520of%2520Immigration%2520Statistics.pdf,Persons obtaining LPR status by region of last residence (country of origin before 1906).
1820,1820–1829,Caribbean,3061,"DHS/OHSS Yearbook of Immigration Statistics 2016, Table 2",https://ohss.dhs.gov/sites/default/files/2023-12/2016%2520Yearbook%2520of%2520Immigration%2520Statistics.pdf,Persons obtaining LPR status by region of last residence (country of origin before 1906).
1820,1820–1829,South America,405,"DHS/OHSS Yearbook of Immigration Statistics 2016, Table 2",https://ohss.dhs.gov/sites/default/files/2023-12/2016%2520Yearbook%2520of%2520Immigration%2520Statistics.pdf,Persons obtaining LPR status by region of last residence (country of origin before 1906).
1820,1820–1829,Canada,2297,"DHS/OHSS Yearbook of Immigration Statistics 2016, Table 2",https://ohss.dhs.gov/sites/default/files/2023-12/2016%2520Yearbook%2520of%2520Immigration%2520Statistics.pdf,Persons obtaining LPR status by region of last residence (country of origin before 1906).
1820,1820–1829,Other & not specified,19176,"DHS/OHSS Yearbook of Immigration Statistics 2016, Table 2",https://ohss.dhs.gov/sites/default/files/2023-12/2016%2520Yearbook%2520of%2520Immigration%2520Statistics.pdf,Persons obtaining LPR status by region of last residence (country of origin before 1906).
1830,1830–1839,Northern & Western Europe,416981,"DHS/OHSS Yearbook of Immigration Statistics 2016, Table 2",https://ohss.dhs.gov/sites/default/files/2023-12/2016%2520Yearbook%2520of%2520Immigration%2520Statistics.pdf,Persons obtaining LPR status by region of last residence (country of origin before 1906).
1830,1830–1839,Southern Europe,5186,"DHS/OHSS Yearbook of Immigration Statistics 2016, Table 2",https://ohss.dhs.gov/sites/default/files/2023-12/2016%2520Yearbook%2520of%2520Immigration%2520Statistics.pdf,Persons obtaining LPR status by region of last residence (country of origin before 1906).
1830,1830–1839,Eastern Europe,686,"DHS/OHSS Yearbook of Immigration Statistics 2016, Table 2",https://ohss.dhs.gov/sites/default/files/2023-12/2016%2520Yearbook%2520of%2520Immigration%2520Statistics.pdf,Persons obtaining LPR status by region of last residence (country of origin before 1906).
1830,1830–1839,East Asia,8,"DHS/OHSS Yearbook of Immigration Statistics 2016, Table 2",https://ohss.dhs.gov/sites/default/files/2023-12/2016%2520Yearbook%2520of%2520Immigration%2520Statistics.pdf,Persons obtaining LPR status by region of last residence (country of origin before 1906).
1830,1830–1839,South Asia,38,"DHS/OHSS Yearbook of Immigration Statistics 2016, Table 2",https://ohss.dhs.gov/sites/default/files/2023-12/2016%2520Yearbook%2520of%2520Immigration%2520Statistics.pdf,Persons obtaining LPR status by region of last residence (country of origin before 1906).
1830,1830–1839,Southeast Asia,0,"DHS/OHSS Yearbook of Immigration Statistics 2016, Table 2",https://ohss.dhs.gov/sites/default/files/2023-12/2016%2520Yearbook%2520of%2520Immigration%2520Statistics.pdf,Persons obtaining LPR status by region of last residence (country of origin before 1906).
1830,1830–1839,Other Asia,1,"DHS/OHSS Yearbook of Immigration Statistics 2016, Table 2",https://ohss.dhs.gov/sites/default/files/2023-12/2016%2520Yearbook%2520of%2520Immigration%2520Statistics.pdf,Persons obtaining LPR status by region of last residence (country of origin before 1906).
1830,1830–1839,Middle East & North Africa,12,"DHS/OHSS Yearbook of Immigration Statistics 2016, Table 2",https://ohss.dhs.gov/sites/default/files/2023-12/2016%2520Yearbook%2520of%2520Immigration%2520Statistics.pdf,Persons obtaining LPR status by region of last residence (country of origin before 1906).
1830,1830–1839,Sub-Saharan Africa,62,"DHS/OHSS Yearbook of Immigration Statistics 2016, Table 2",https://ohss.dhs.gov/sites/default/files/2023-12/2016%2520Yearbook%2520of%2520Immigration%2520Statistics.pdf,Persons obtaining LPR status by region of last residence (country of origin before 1906).
1830,1830–1839,Mexico & Central America,7281,"DHS/OHSS Yearbook of Immigration Statistics 2016, Table 2",https://ohss.dhs.gov/sites/default/files/2023-12/2016%2520Yearbook%2520of%2520Immigration%2520Statistics.pdf,Persons obtaining LPR status by region of last residence (country of origin before 1906).
1830,1830–1839,Caribbean,11792,"DHS/OHSS Yearbook of Immigration Statistics 2016, Table 2",https://ohss.dhs.gov/sites/default/files/2023-12/2016%2520Yearbook%2520of%2520Immigration%2520Statistics.pdf,Persons obtaining LPR status by region of last residence (country of origin before 1906).
1830,1830–1839,South America,957,"DHS/OHSS Yearbook of Immigration Statistics 2016, Table 2",https://ohss.dhs.gov/sites/default/files/2023-12/2016%2520Yearbook%2520of%2520Immigration%2520Statistics.pdf,Persons obtaining LPR status by region of last residence (country of origin before 1906).
1830,1830–1839,Canada,11875,"DHS/OHSS Yearbook of Immigration Statistics 2016, Table 2",https://ohss.dhs.gov/sites/default/files/2023-12/2016%2520Yearbook%2520of%2520Immigration%2520Statistics.pdf,Persons obtaining LPR status by region of last residence (country of origin before 1906).
1830,1830–1839,Other & not specified,83502,"DHS/OHSS Yearbook of Immigration Statistics 2016, Table 2",https://ohss.dhs.gov/sites/default/files/2023-12/2016%2520Yearbook%2520of%2520Immigration%2520Statistics.pdf,Persons obtaining LPR status by region of last residence (country of origin before 1906).
1840,1840–1849,Northern & Western Europe,1364950,"DHS/OHSS Yearbook of Immigration Statistics 2016, Table 2",https://ohss.dhs.gov/sites/default/files/2023-12/2016%2520Yearbook%2520of%2520Immigration%2520Statistics.pdf,Persons obtaining LPR status by region of last residence (country of origin before 1906).
1840,1840–1849,Southern Europe,3769,"DHS/OHSS Yearbook of Immigration Statistics 2016, Table 2",https://ohss.dhs.gov/sites/default/files/2023-12/2016%2520Yearbook%2520of%2520Immigration%2520Statistics.pdf,Persons obtaining LPR status by region of last residence (country of origin before 1906).
1840,1840–1849,Eastern Europe,704,"DHS/OHSS Yearbook of Immigration Statistics 2016, Table 2",https://ohss.dhs.gov/sites/default/files/2023-12/2016%2520Yearbook%2520of%2520Immigration%2520Statistics.pdf,Persons obtaining LPR status by region of last residence (country of origin before 1906).
1840,1840–1849,East Asia,32,"DHS/OHSS Yearbook of Immigration Statistics 2016, Table 2",https://ohss.dhs.gov/sites/default/files/2023-12/2016%2520Yearbook%2520of%2520Immigration%2520Statistics.pdf,Persons obtaining LPR status by region of last residence (country of origin before 1906).
1840,1840–1849,South Asia,33,"DHS/OHSS Yearbook of Immigration Statistics 2016, Table 2",https://ohss.dhs.gov/sites/default/files/2023-12/2016%2520Yearbook%2520of%2520Immigration%2520Statistics.pdf,Persons obtaining LPR status by region of last residence (country of origin before 1906).
1840,1840–1849,Southeast Asia,0,"DHS/OHSS Yearbook of Immigration Statistics 2016, Table 2",https://ohss.dhs.gov/sites/default/files/2023-12/2016%2520Yearbook%2520of%2520Immigration%2520Statistics.pdf,Persons obtaining LPR status by region of last residence (country of origin before 1906).
1840,1840–1849,Other Asia,4,"DHS/OHSS Yearbook of Immigration Statistics 2016, Table 2",https://ohss.dhs.gov/sites/default/files/2023-12/2016%2520Yearbook%2520of%2520Immigration%2520Statistics.pdf,Persons obtaining LPR status by region of last residence (country of origin before 1906).
1840,1840–1849,Middle East & North Africa,53,"DHS/OHSS Yearbook of Immigration Statistics 2016, Table 2",https://ohss.dhs.gov/sites/default/files/2023-12/2016%2520Yearbook%2520of%2520Immigration%2520Statistics.pdf,Persons obtaining LPR status by region of last residence (country of origin before 1906).
1840,1840–1849,Sub-Saharan Africa,66,"DHS/OHSS Yearbook of Immigration Statistics 2016, Table 2",https://ohss.dhs.gov/sites/default/files/2023-12/2016%2520Yearbook%2520of%2520Immigration%2520Statistics.pdf,Persons obtaining LPR status by region of last residence (country of origin before 1906).
1840,1840–1849,Mexico & Central America,3366,"DHS/OHSS Yearbook of Immigration Statistics 2016, Table 2",https://ohss.dhs.gov/sites/default/files/2023-12/2016%2520Yearbook%2520of%2520Immigration%2520Statistics.pdf,Persons obtaining LPR status by region of last residence (country of origin before 1906).
1840,1840–1849,Caribbean,11803,"DHS/OHSS Yearbook of Immigration Statistics 2016, Table 2",https://ohss.dhs.gov/sites/default/files/2023-12/2016%2520Yearbook%2520of%2520Immigration%2520Statistics.pdf,Persons obtaining LPR status by region of last residence (country of origin before 1906).
1840,1840–1849,South America,1062,"DHS/OHSS Yearbook of Immigration Statistics 2016, Table 2",https://ohss.dhs.gov/sites/default/files/2023-12/2016%2520Yearbook%2520of%2520Immigration%2520Statistics.pdf,Persons obtaining LPR status by region of last residence (country of origin before 1906).
1840,1840–1849,Canada,34285,"DHS/OHSS Yearbook of Immigration Statistics 2016, Table 2",https://ohss.dhs.gov/sites/default/files/2023-12/2016%2520Yearbook%2520of%2520Immigration%2520Statistics.pdf,Persons obtaining LPR status by region of last residence (country of origin before 1906).
1840,1840–1849,Other & not specified,7210,"DHS/OHSS Yearbook of Immigration Statistics 2016, Table 2",https://ohss.dhs.gov/sites/default/files/2023-12/2016%2520Yearbook%2520of%2520Immigration%2520Statistics.pdf,Persons obtaining LPR status by region of last residence (country of origin before 1906).
1850,1850–1859,Northern & Western Europe,2599397,"DHS/OHSS Yearbook of Immigration Statistics 2016, Table 2",https://ohss.dhs.gov/sites/default/files/2023-12/2016%2520Yearbook%2520of%2520Immigration%2520Statistics.pdf,Persons obtaining LPR status by region of last residence (country of origin before 1906).
1850,1850–1859,Southern Europe,21696,"DHS/OHSS Yearbook of Immigration Statistics 2016, Table 2",https://ohss.dhs.gov/sites/default/files/2023-12/2016%2520Yearbook%2520of%2520Immigration%2520Statistics.pdf,Persons obtaining LPR status by region of last residence (country of origin before 1906).
1850,1850–1859,Eastern Europe,1524,"DHS/OHSS Yearbook of Immigration Statistics 2016, Table 2",https://ohss.dhs.gov/sites/default/files/2023-12/2016%2520Yearbook%2520of%2520Immigration%2520Statistics.pdf,Persons obtaining LPR status by region of last residence (country of origin before 1906).
1850,1850–1859,East Asia,35933,"DHS/OHSS Yearbook of Immigration Statistics 2016, Table 2",https://ohss.dhs.gov/sites/default/files/2023-12/2016%2520Yearbook%2520of%2520Immigration%2520Statistics.pdf,Persons obtaining LPR status by region of last residence (country of origin before 1906).
1850,1850–1859,South Asia,42,"DHS/OHSS Yearbook of Immigration Statistics 2016, Table 2",https://ohss.dhs.gov/sites/default/files/2023-12/2016%2520Yearbook%2520of%2520Immigration%2520Statistics.pdf,Persons obtaining LPR status by region of last residence (country of origin before 1906).
1850,1850–1859,Southeast Asia,0,"DHS/OHSS Yearbook of Immigration Statistics 2016, Table 2",https://ohss.dhs.gov/sites/default/files/2023-12/2016%2520Yearbook%2520of%2520Immigration%2520Statistics.pdf,Persons obtaining LPR status by region of last residence (country of origin before 1906).
1850,1850–1859,Other Asia,11,"DHS/OHSS Yearbook of Immigration Statistics 2016, Table 2",https://ohss.dhs.gov/sites/default/files/2023-12/2016%2520Yearbook%2520of%2520Immigration%2520Statistics.pdf,Persons obtaining LPR status by region of last residence (country of origin before 1906).
1850,1850–1859,Middle East & North Africa,99,"DHS/OHSS Yearbook of Immigration Statistics 2016, Table 2",https://ohss.dhs.gov/sites/default/files/2023-12/2016%2520Yearbook%2520of%2520Immigration%2520Statistics.pdf,Persons obtaining LPR status by region of last residence (country of origin before 1906).
1850,1850–1859,Sub-Saharan Africa,99,"DHS/OHSS Yearbook of Immigration Statistics 2016, Table 2",https://ohss.dhs.gov/sites/default/files/2023-12/2016%2520Yearbook%2520of%2520Immigration%2520Statistics.pdf,Persons obtaining LPR status by region of last residence (country of origin before 1906).
1850,1850–1859,Mexico & Central America,3958,"DHS/OHSS Yearbook of Immigration Statistics 2016, Table 2",https://ohss.dhs.gov/sites/default/files/2023-12/2016%2520Yearbook%2520of%2520Immigration%2520Statistics.pdf,Persons obtaining LPR status by region of last residence (country of origin before 1906).
1850,1850–1859,Caribbean,12447,"DHS/OHSS Yearbook of Immigration Statistics 2016, Table 2",https://ohss.dhs.gov/sites/default/files/2023-12/2016%2520Yearbook%2520of%2520Immigration%2520Statistics.pdf,Persons obtaining LPR status by region of last residence (country of origin before 1906).
1850,1850–1859,South America,3569,"DHS/OHSS Yearbook of Immigration Statistics 2016, Table 2",https://ohss.dhs.gov/sites/default/files/2023-12/2016%2520Yearbook%2520of%2520Immigration%2520Statistics.pdf,Persons obtaining LPR status by region of last residence (country of origin before 1906).
1850,1850–1859,Canada,64171,"DHS/OHSS Yearbook of Immigration Statistics 2016, Table 2",https://ohss.dhs.gov/sites/default/files/2023-12/2016%2520Yearbook%2520of%2520Immigration%2520Statistics.pdf,Persons obtaining LPR status by region of last residence (country of origin before 1906).
1850,1850–1859,Other & not specified,71608,"DHS/OHSS Yearbook of Immigration Statistics 2016, Table 2",https://ohss.dhs.gov/sites/default/files/2023-12/2016%2520Yearbook%2520of%2520Immigration%2520Statistics.pdf,Persons obtaining LPR status by region of last residence (country of origin before 1906).
1860,1860–1869,Northern & Western Europe,1851836,"DHS/OHSS Yearbook of Immigration Statistics 2016, Table 2",https://ohss.dhs.gov/sites/default/files/2023-12/2016%2520Yearbook%2520of%2520Immigration%2520Statistics.pdf,Persons obtaining LPR status by region of last residence (country of origin before 1906).
1860,1860–1869,Southern Europe,21615,"DHS/OHSS Yearbook of Immigration Statistics 2016, Table 2",https://ohss.dhs.gov/sites/default/files/2023-12/2016%2520Yearbook%2520of%2520Immigration%2520Statistics.pdf,Persons obtaining LPR status by region of last residence (country of origin before 1906).
1860,1860–1869,Eastern Europe,6938,"DHS/OHSS Yearbook of Immigration Statistics 2016, Table 2",https://ohss.dhs.gov/sites/default/files/2023-12/2016%2520Yearbook%2520of%2520Immigration%2520Statistics.pdf,Persons obtaining LPR status by region of last residence (country of origin before 1906).
1860,1860–1869,East Asia,54166,"DHS/OHSS Yearbook of Immigration Statistics 2016, Table 2",https://ohss.dhs.gov/sites/default/files/2023-12/2016%2520Yearbook%2520of%2520Immigration%2520Statistics.pdf,Persons obtaining LPR status by region of last residence (country of origin before 1906).
1860,1860–1869,South Asia,50,"DHS/OHSS Yearbook of Immigration Statistics 2016, Table 2",https://ohss.dhs.gov/sites/default/files/2023-12/2016%2520Yearbook%2520of%2520Immigration%2520Statistics.pdf,Persons obtaining LPR status by region of last residence (country of origin before 1906).
1860,1860–1869,Southeast Asia,0,"DHS/OHSS Yearbook of Immigration Statistics 2016, Table 2",https://ohss.dhs.gov/sites/default/files/2023-12/2016%2520Yearbook%2520of%2520Immigration%2520Statistics.pdf,Persons obtaining LPR status by region of last residence (country of origin before 1906).
1860,1860–1869,Other Asia,57,"DHS/OHSS Yearbook of Immigration Statistics 2016, Table 2",https://ohss.dhs.gov/sites/default/files/2023-12/2016%2520Yearbook%2520of%2520Immigration%2520Statistics.pdf,Persons obtaining LPR status by region of last residence (country of origin before 1906).
1860,1860–1869,Middle East & North Africa,143,"DHS/OHSS Yearbook of Immigration Statistics 2016, Table 2",https://ohss.dhs.gov/sites/default/files/2023-12/2016%2520Yearbook%2520of%2520Immigration%2520Statistics.pdf,Persons obtaining LPR status by region of last residence (country of origin before 1906).
1860,1860–1869,Sub-Saharan Africa,450,"DHS/OHSS Yearbook of Immigration Statistics 2016, Table 2",https://ohss.dhs.gov/sites/default/files/2023-12/2016%2520Yearbook%2520of%2520Immigration%2520Statistics.pdf,Persons obtaining LPR status by region of last residence (country of origin before 1906).
1860,1860–1869,Mexico & Central America,2027,"DHS/OHSS Yearbook of Immigration Statistics 2016, Table 2",https://ohss.dhs.gov/sites/default/files/2023-12/2016%2520Yearbook%2520of%2520Immigration%2520Statistics.pdf,Persons obtaining LPR status by region of last residence (country of origin before 1906).
1860,1860–1869,Caribbean,8809,"DHS/OHSS Yearbook of Immigration Statistics 2016, Table 2",https://ohss.dhs.gov/sites/default/files/2023-12/2016%2520Yearbook%2520of%2520Immigration%2520Statistics.pdf,Persons obtaining LPR status by region of last residence (country of origin before 1906).
1860,1860–1869,South America,1536,"DHS/OHSS Yearbook of Immigration Statistics 2016, Table 2",https://ohss.dhs.gov/sites/default/files/2023-12/2016%2520Yearbook%2520of%2520Immigration%2520Statistics.pdf,Persons obtaining LPR status by region of last residence (country of origin before 1906).
1860,1860–1869,Canada,117975,"DHS/OHSS Yearbook of Immigration Statistics 2016, Table 2",https://ohss.dhs.gov/sites/default/files/2023-12/2016%2520Yearbook%2520of%2520Immigration%2520Statistics.pdf,Persons obtaining LPR status by region of last residence (country of origin before 1906).
1860,1860–1869,Other & not specified,15659,"DHS/OHSS Yearbook of Immigration Statistics 2016, Table 2",https://ohss.dhs.gov/sites/default/files/2023-12/2016%2520Yearbook%2520of%2520Immigration%2520Statistics.pdf,Persons obtaining LPR status by region of last residence (country of origin before 1906).
1870,1870–1879,Northern & Western Europe,2079238,"DHS/OHSS Yearbook of Immigration Statistics 2016, Table 2",https://ohss.dhs.gov/sites/default/files/2023-12/2016%2520Yearbook%2520of%2520Immigration%2520Statistics.pdf,Persons obtaining LPR status by region of last residence (country of origin before 1906).
1870,1870–1879,Southern Europe,66066,"DHS/OHSS Yearbook of Immigration Statistics 2016, Table 2",https://ohss.dhs.gov/sites/default/files/2023-12/2016%2520Yearbook%2520of%2520Immigration%2520Statistics.pdf,Persons obtaining LPR status by region of last residence (country of origin before 1906).
1870,1870–1879,Eastern Europe,106746,"DHS/OHSS Yearbook of Immigration Statistics 2016, Table 2",https://ohss.dhs.gov/sites/default/files/2023-12/2016%2520Yearbook%2520of%2520Immigration%2520Statistics.pdf,Persons obtaining LPR status by region of last residence (country of origin before 1906).
1870,1870–1879,East Asia,133332,"DHS/OHSS Yearbook of Immigration Statistics 2016, Table 2",https://ohss.dhs.gov/sites/default/files/2023-12/2016%2520Yearbook%2520of%2520Immigration%2520Statistics.pdf,Persons obtaining LPR status by region of last residence (country of origin before 1906).
1870,1870–1879,South Asia,166,"DHS/OHSS Yearbook of Immigration Statistics 2016, Table 2",https://ohss.dhs.gov/sites/default/files/2023-12/2016%2520Yearbook%2520of%2520Immigration%2520Statistics.pdf,Persons obtaining LPR status by region of last residence (country of origin before 1906).
1870,1870–1879,Southeast Asia,4,"DHS/OHSS Yearbook of Immigration Statistics 2016, Table 2",https://ohss.dhs.gov/sites/default/files/2023-12/2016%2520Yearbook%2520of%2520Immigration%2520Statistics.pdf,Persons obtaining LPR status by region of last residence (country of origin before 1906).
1870,1870–1879,Other Asia,163,"DHS/OHSS Yearbook of Immigration Statistics 2016, Table 2",https://ohss.dhs.gov/sites/default/files/2023-12/2016%2520Yearbook%2520of%2520Immigration%2520Statistics.pdf,Persons obtaining LPR status by region of last residence (country of origin before 1906).
1870,1870–1879,Middle East & North Africa,450,"DHS/OHSS Yearbook of Immigration Statistics 2016, Table 2",https://ohss.dhs.gov/sites/default/files/2023-12/2016%2520Yearbook%2520of%2520Immigration%2520Statistics.pdf,Persons obtaining LPR status by region of last residence (country of origin before 1906).
1870,1870–1879,Sub-Saharan Africa,397,"DHS/OHSS Yearbook of Immigration Statistics 2016, Table 2",https://ohss.dhs.gov/sites/default/files/2023-12/2016%2520Yearbook%2520of%2520Immigration%2520Statistics.pdf,Persons obtaining LPR status by region of last residence (country of origin before 1906).
1870,1870–1879,Mexico & Central America,5335,"DHS/OHSS Yearbook of Immigration Statistics 2016, Table 2",https://ohss.dhs.gov/sites/default/files/2023-12/2016%2520Yearbook%2520of%2520Immigration%2520Statistics.pdf,Persons obtaining LPR status by region of last residence (country of origin before 1906).
1870,1870–1879,Caribbean,14592,"DHS/OHSS Yearbook of Immigration Statistics 2016, Table 2",https://ohss.dhs.gov/sites/default/files/2023-12/2016%2520Yearbook%2520of%2520Immigration%2520Statistics.pdf,Persons obtaining LPR status by region of last residence (country of origin before 1906).
1870,1870–1879,South America,1109,"DHS/OHSS Yearbook of Immigration Statistics 2016, Table 2",https://ohss.dhs.gov/sites/default/files/2023-12/2016%2520Yearbook%2520of%2520Immigration%2520Statistics.pdf,Persons obtaining LPR status by region of last residence (country of origin before 1906).
1870,1870–1879,Canada,323974,"DHS/OHSS Yearbook of Immigration Statistics 2016, Table 2",https://ohss.dhs.gov/sites/default/files/2023-12/2016%2520Yearbook%2520of%2520Immigration%2520Statistics.pdf,Persons obtaining LPR status by region of last residence (country of origin before 1906).
1870,1870–1879,Other & not specified,10565,"DHS/OHSS Yearbook of Immigration Statistics 2016, Table 2",https://ohss.dhs.gov/sites/default/files/2023-12/2016%2520Yearbook%2520of%2520Immigration%2520Statistics.pdf,Persons obtaining LPR status by region of last residence (country of origin before 1906).
1880,1880–1889,Northern & Western Europe,3812339,"DHS/OHSS Yearbook of Immigration Statistics 2016, Table 2",https://ohss.dhs.gov/sites/default/files/2023-12/2016%2520Yearbook%2520of%2520Immigration%2520Statistics.pdf,Persons obtaining LPR status by region of last residence (country of origin before 1906).
1880,1880–1889,Southern Europe,288655,"DHS/OHSS Yearbook of Immigration Statistics 2016, Table 2",https://ohss.dhs.gov/sites/default/files/2023-12/2016%2520Yearbook%2520of%2520Immigration%2520Statistics.pdf,Persons obtaining LPR status by region of last residence (country of origin before 1906).
1880,1880–1889,Eastern Europe,537690,"DHS/OHSS Yearbook of Immigration Statistics 2016, Table 2",https://ohss.dhs.gov/sites/default/files/2023-12/2016%2520Yearbook%2520of%2520Immigration%2520Statistics.pdf,Persons obtaining LPR status by region of last residence (country of origin before 1906).
1880,1880–1889,East Asia,67380,"DHS/OHSS Yearbook of Immigration Statistics 2016, Table 2",https://ohss.dhs.gov/sites/default/files/2023-12/2016%2520Yearbook%2520of%2520Immigration%2520Statistics.pdf,Persons obtaining LPR status by region of last residence (country of origin before 1906).
1880,1880–1889,South Asia,247,"DHS/OHSS Yearbook of Immigration Statistics 2016, Table 2",https://ohss.dhs.gov/sites/default/files/2023-12/2016%2520Yearbook%2520of%2520Immigration%2520Statistics.pdf,Persons obtaining LPR status by region of last residence (country of origin before 1906).
1880,1880–1889,Southeast Asia,1,"DHS/OHSS Yearbook of Immigration Statistics 2016, Table 2",https://ohss.dhs.gov/sites/default/files/2023-12/2016%2520Yearbook%2520of%2520Immigration%2520Statistics.pdf,Persons obtaining LPR status by region of last residence (country of origin before 1906).
1880,1880–1889,Other Asia,888,"DHS/OHSS Yearbook of Immigration Statistics 2016, Table 2",https://ohss.dhs.gov/sites/default/files/2023-12/2016%2520Yearbook%2520of%2520Immigration%2520Statistics.pdf,Persons obtaining LPR status by region of last residence (country of origin before 1906).
1880,1880–1889,Middle East & North Africa,2793,"DHS/OHSS Yearbook of Immigration Statistics 2016, Table 2",https://ohss.dhs.gov/sites/default/files/2023-12/2016%2520Yearbook%2520of%2520Immigration%2520Statistics.pdf,Persons obtaining LPR status by region of last residence (country of origin before 1906).
1880,1880–1889,Sub-Saharan Africa,611,"DHS/OHSS Yearbook of Immigration Statistics 2016, Table 2",https://ohss.dhs.gov/sites/default/files/2023-12/2016%2520Yearbook%2520of%2520Immigration%2520Statistics.pdf,Persons obtaining LPR status by region of last residence (country of origin before 1906).
1880,1880–1889,Mexico & Central America,2764,"DHS/OHSS Yearbook of Immigration Statistics 2016, Table 2",https://ohss.dhs.gov/sites/default/files/2023-12/2016%2520Yearbook%2520of%2520Immigration%2520Statistics.pdf,Persons obtaining LPR status by region of last residence (country of origin before 1906).
1880,1880–1889,Caribbean,27600,"DHS/OHSS Yearbook of Immigration Statistics 2016, Table 2",https://ohss.dhs.gov/sites/default/files/2023-12/2016%2520Yearbook%2520of%2520Immigration%2520Statistics.pdf,Persons obtaining LPR status by region of last residence (country of origin before 1906).
1880,1880–1889,South America,1954,"DHS/OHSS Yearbook of Immigration Statistics 2016, Table 2",https://ohss.dhs.gov/sites/default/files/2023-12/2016%2520Yearbook%2520of%2520Immigration%2520Statistics.pdf,Persons obtaining LPR status by region of last residence (country of origin before 1906).
1880,1880–1889,Canada,492508,"DHS/OHSS Yearbook of Immigration Statistics 2016, Table 2",https://ohss.dhs.gov/sites/default/files/2023-12/2016%2520Yearbook%2520of%2520Immigration%2520Statistics.pdf,Persons obtaining LPR status by region of last residence (country of origin before 1906).
1880,1880–1889,Other & not specified,13138,"DHS/OHSS Yearbook of Immigration Statistics 2016, Table 2",https://ohss.dhs.gov/sites/default/files/2023-12/2016%2520Yearbook%2520of%2520Immigration%2520Statistics.pdf,Persons obtaining LPR status by region of last residence (country of origin before 1906).
1890,1890–1899,Northern & Western Europe,1862616,"DHS/OHSS Yearbook of Immigration Statistics 2016, Table 2",https://ohss.dhs.gov/sites/default/files/2023-12/2016%2520Yearbook%2520of%2520Immigration%2520Statistics.pdf,Persons obtaining LPR status by region of last residence (country of origin before 1906).
1890,1890–1899,Southern Europe,651556,"DHS/OHSS Yearbook of Immigration Statistics 2016, Table 2",https://ohss.dhs.gov/sites/default/files/2023-12/2016%2520Yearbook%2520of%2520Immigration%2520Statistics.pdf,Persons obtaining LPR status by region of last residence (country of origin before 1906).
1890,1890–1899,Eastern Europe,1062239,"DHS/OHSS Yearbook of Immigration Statistics 2016, Table 2",https://ohss.dhs.gov/sites/default/files/2023-12/2016%2520Yearbook%2520of%2520Immigration%2520Statistics.pdf,Persons obtaining LPR status by region of last residence (country of origin before 1906).
1890,1890–1899,East Asia,29266,"DHS/OHSS Yearbook of Immigration Statistics 2016, Table 2",https://ohss.dhs.gov/sites/default/files/2023-12/2016%2520Yearbook%2520of%2520Immigration%2520Statistics.pdf,Persons obtaining LPR status by region of last residence (country of origin before 1906).
1890,1890–1899,South Asia,102,"DHS/OHSS Yearbook of Immigration Statistics 2016, Table 2",https://ohss.dhs.gov/sites/default/files/2023-12/2016%2520Yearbook%2520of%2520Immigration%2520Statistics.pdf,Persons obtaining LPR status by region of last residence (country of origin before 1906).
1890,1890–1899,Southeast Asia,19,"DHS/OHSS Yearbook of Immigration Statistics 2016, Table 2",https://ohss.dhs.gov/sites/default/files/2023-12/2016%2520Yearbook%2520of%2520Immigration%2520Statistics.pdf,Persons obtaining LPR status by region of last residence (country of origin before 1906).
1890,1890–1899,Other Asia,4381,"DHS/OHSS Yearbook of Immigration Statistics 2016, Table 2",https://ohss.dhs.gov/sites/default/files/2023-12/2016%2520Yearbook%2520of%2520Immigration%2520Statistics.pdf,Persons obtaining LPR status by region of last residence (country of origin before 1906).
1890,1890–1899,Middle East & North Africa,27596,"DHS/OHSS Yearbook of Immigration Statistics 2016, Table 2",https://ohss.dhs.gov/sites/default/files/2023-12/2016%2520Yearbook%2520of%2520Immigration%2520Statistics.pdf,Persons obtaining LPR status by region of last residence (country of origin before 1906).
1890,1890–1899,Sub-Saharan Africa,372,"DHS/OHSS Yearbook of Immigration Statistics 2016, Table 2",https://ohss.dhs.gov/sites/default/files/2023-12/2016%2520Yearbook%2520of%2520Immigration%2520Statistics.pdf,Persons obtaining LPR status by region of last residence (country of origin before 1906).
1890,1890–1899,Mexico & Central America,1408,"DHS/OHSS Yearbook of Immigration Statistics 2016, Table 2",https://ohss.dhs.gov/sites/default/files/2023-12/2016%2520Yearbook%2520of%2520Immigration%2520Statistics.pdf,Persons obtaining LPR status by region of last residence (country of origin before 1906).
1890,1890–1899,Caribbean,31885,"DHS/OHSS Yearbook of Immigration Statistics 2016, Table 2",https://ohss.dhs.gov/sites/default/files/2023-12/2016%2520Yearbook%2520of%2520Immigration%2520Statistics.pdf,Persons obtaining LPR status by region of last residence (country of origin before 1906).
1890,1890–1899,South America,1389,"DHS/OHSS Yearbook of Immigration Statistics 2016, Table 2",https://ohss.dhs.gov/sites/default/files/2023-12/2016%2520Yearbook%2520of%2520Immigration%2520Statistics.pdf,Persons obtaining LPR status by region of last residence (country of origin before 1906).
1890,1890–1899,Canada,2668,"DHS/OHSS Yearbook of Immigration Statistics 2016, Table 2",https://ohss.dhs.gov/sites/default/files/2023-12/2016%2520Yearbook%2520of%2520Immigration%2520Statistics.pdf,Persons obtaining LPR status by region of last residence (country of origin before 1906).
1890,1890–1899,Other & not specified,18797,"DHS/OHSS Yearbook of Immigration Statistics 2016, Table 2",https://ohss.dhs.gov/sites/default/files/2023-12/2016%2520Yearbook%2520of%2520Immigration%2520Statistics.pdf,Persons obtaining LPR status by region of last residence (country of origin before 1906).
1900,1900–1909,Northern & Western Europe,1811556,"DHS/OHSS Yearbook of Immigration Statistics 2016, Table 2",https://ohss.dhs.gov/sites/default/files/2023-12/2016%2520Yearbook%2520of%2520Immigration%2520Statistics.pdf,Persons obtaining LPR status by region of last residence (country of origin before 1906).
1900,1900–1909,Southern Europe,2165849,"DHS/OHSS Yearbook of Immigration Statistics 2016, Table 2",https://ohss.dhs.gov/sites/default/files/2023-12/2016%2520Yearbook%2520of%2520Immigration%2520Statistics.pdf,Persons obtaining LPR status by region of last residence (country of origin before 1906).
1900,1900–1909,Eastern Europe,3595164,"DHS/OHSS Yearbook of Immigration Statistics 2016, Table 2",https://ohss.dhs.gov/sites/default/files/2023-12/2016%2520Yearbook%2520of%2520Immigration%2520Statistics.pdf,Persons obtaining LPR status by region of last residence (country of origin before 1906).
1900,1900–1909,East Asia,159596,"DHS/OHSS Yearbook of Immigration Statistics 2016, Table 2",https://ohss.dhs.gov/sites/default/files/2023-12/2016%2520Yearbook%2520of%2520Immigration%2520Statistics.pdf,Persons obtaining LPR status by region of last residence (country of origin before 1906).
1900,1900–1909,South Asia,3026,"DHS/OHSS Yearbook of Immigration Statistics 2016, Table 2",https://ohss.dhs.gov/sites/default/files/2023-12/2016%2520Yearbook%2520of%2520Immigration%2520Statistics.pdf,Persons obtaining LPR status by region of last residence (country of origin before 1906).
1900,1900–1909,Southeast Asia,605,"DHS/OHSS Yearbook of Immigration Statistics 2016, Table 2",https://ohss.dhs.gov/sites/default/files/2023-12/2016%2520Yearbook%2520of%2520Immigration%2520Statistics.pdf,Persons obtaining LPR status by region of last residence (country of origin before 1906).
1900,1900–1909,Other Asia,9215,"DHS/OHSS Yearbook of Immigration Statistics 2016, Table 2",https://ohss.dhs.gov/sites/default/files/2023-12/2016%2520Yearbook%2520of%2520Immigration%2520Statistics.pdf,Persons obtaining LPR status by region of last residence (country of origin before 1906).
1900,1900–1909,Middle East & North Africa,127999,"DHS/OHSS Yearbook of Immigration Statistics 2016, Table 2",https://ohss.dhs.gov/sites/default/files/2023-12/2016%2520Yearbook%2520of%2520Immigration%2520Statistics.pdf,Persons obtaining LPR status by region of last residence (country of origin before 1906).
1900,1900–1909,Sub-Saharan Africa,6326,"DHS/OHSS Yearbook of Immigration Statistics 2016, Table 2",https://ohss.dhs.gov/sites/default/files/2023-12/2016%2520Yearbook%2520of%2520Immigration%2520Statistics.pdf,Persons obtaining LPR status by region of last residence (country of origin before 1906).
1900,1900–1909,Mexico & Central America,38529,"DHS/OHSS Yearbook of Immigration Statistics 2016, Table 2",https://ohss.dhs.gov/sites/default/files/2023-12/2016%2520Yearbook%2520of%2520Immigration%2520Statistics.pdf,Persons obtaining LPR status by region of last residence (country of origin before 1906).
1900,1900–1909,Caribbean,100960,"DHS/OHSS Yearbook of Immigration Statistics 2016, Table 2",https://ohss.dhs.gov/sites/default/files/2023-12/2016%2520Yearbook%2520of%2520Immigration%2520Statistics.pdf,Persons obtaining LPR status by region of last residence (country of origin before 1906).
1900,1900–1909,South America,15253,"DHS/OHSS Yearbook of Immigration Statistics 2016, Table 2",https://ohss.dhs.gov/sites/default/files/2023-12/2016%2520Yearbook%2520of%2520Immigration%2520Statistics.pdf,Persons obtaining LPR status by region of last residence (country of origin before 1906).
1900,1900–1909,Canada,123067,"DHS/OHSS Yearbook of Immigration Statistics 2016, Table 2",https://ohss.dhs.gov/sites/default/files/2023-12/2016%2520Yearbook%2520of%2520Immigration%2520Statistics.pdf,Persons obtaining LPR status by region of last residence (country of origin before 1906).
1900,1900–1909,Other & not specified,45243,"DHS/OHSS Yearbook of Immigration Statistics 2016, Table 2",https://ohss.dhs.gov/sites/default/files/2023-12/2016%2520Yearbook%2520of%2520Immigration%2520Statistics.pdf,Persons obtaining LPR status by region of last residence (country of origin before 1906).
1910,1910–1919,Northern & Western Europe,1112638,"DHS/OHSS Yearbook of Immigration Statistics 2016, Table 2",https://ohss.dhs.gov/sites/default/files/2023-12/2016%2520Yearbook%2520of%2520Immigration%2520Statistics.pdf,Persons obtaining LPR status by region of last residence (country of origin before 1906).
1910,1910–1919,Southern Europe,1563775,"DHS/OHSS Yearbook of Immigration Statistics 2016, Table 2",https://ohss.dhs.gov/sites/default/files/2023-12/2016%2520Yearbook%2520of%2520Immigration%2520Statistics.pdf,Persons obtaining LPR status by region of last residence (country of origin before 1906).
1910,1910–1919,Eastern Europe,2308998,"DHS/OHSS Yearbook of Immigration Statistics 2016, Table 2",https://ohss.dhs.gov/sites/default/files/2023-12/2016%2520Yearbook%2520of%2520Immigration%2520Statistics.pdf,Persons obtaining LPR status by region of last residence (country of origin before 1906).
1910,1910–1919,East Asia,98041,"DHS/OHSS Yearbook of Immigration Statistics 2016, Table 2",https://ohss.dhs.gov/sites/default/files/2023-12/2016%2520Yearbook%2520of%2520Immigration%2520Statistics.pdf,Persons obtaining LPR status by region of last residence (country of origin before 1906).
1910,1910–1919,South Asia,3478,"DHS/OHSS Yearbook of Immigration Statistics 2016, Table 2",https://ohss.dhs.gov/sites/default/files/2023-12/2016%2520Yearbook%2520of%2520Immigration%2520Statistics.pdf,Persons obtaining LPR status by region of last residence (country of origin before 1906).
1910,1910–1919,Southeast Asia,0,"DHS/OHSS Yearbook of Immigration Statistics 2016, Table 2",https://ohss.dhs.gov/sites/default/files/2023-12/2016%2520Yearbook%2520of%2520Immigration%2520Statistics.pdf,Persons obtaining LPR status by region of last residence (country of origin before 1906).
1910,1910–1919,Other Asia,7500,"DHS/OHSS Yearbook of Immigration Statistics 2016, Table 2",https://ohss.dhs.gov/sites/default/files/2023-12/2016%2520Yearbook%2520of%2520Immigration%2520Statistics.pdf,Persons obtaining LPR status by region of last residence (country of origin before 1906).
1910,1910–1919,Middle East & North Africa,160717,"DHS/OHSS Yearbook of Immigration Statistics 2016, Table 2",https://ohss.dhs.gov/sites/default/files/2023-12/2016%2520Yearbook%2520of%2520Immigration%2520Statistics.pdf,Persons obtaining LPR status by region of last residence (country of origin before 1906).
1910,1910–1919,Sub-Saharan Africa,8867,"DHS/OHSS Yearbook of Immigration Statistics 2016, Table 2",https://ohss.dhs.gov/sites/default/files/2023-12/2016%2520Yearbook%2520of%2520Immigration%2520Statistics.pdf,Persons obtaining LPR status by region of last residence (country of origin before 1906).
1910,1910–1919,Mexico & Central America,201026,"DHS/OHSS Yearbook of Immigration Statistics 2016, Table 2",https://ohss.dhs.gov/sites/default/files/2023-12/2016%2520Yearbook%2520of%2520Immigration%2520Statistics.pdf,Persons obtaining LPR status by region of last residence (country of origin before 1906).
1910,1910–1919,Caribbean,120860,"DHS/OHSS Yearbook of Immigration Statistics 2016, Table 2",https://ohss.dhs.gov/sites/default/files/2023-12/2016%2520Yearbook%2520of%2520Immigration%2520Statistics.pdf,Persons obtaining LPR status by region of last residence (country of origin before 1906).
1910,1910–1919,South America,39938,"DHS/OHSS Yearbook of Immigration Statistics 2016, Table 2",https://ohss.dhs.gov/sites/default/files/2023-12/2016%2520Yearbook%2520of%2520Immigration%2520Statistics.pdf,Persons obtaining LPR status by region of last residence (country of origin before 1906).
1910,1910–1919,Canada,708715,"DHS/OHSS Yearbook of Immigration Statistics 2016, Table 2",https://ohss.dhs.gov/sites/default/files/2023-12/2016%2520Yearbook%2520of%2520Immigration%2520Statistics.pdf,Persons obtaining LPR status by region of last residence (country of origin before 1906).
1910,1910–1919,Other & not specified,12827,"DHS/OHSS Yearbook of Immigration Statistics 2016, Table 2",https://ohss.dhs.gov/sites/default/files/2023-12/2016%2520Yearbook%2520of%2520Immigration%2520Statistics.pdf,Persons obtaining LPR status by region of last residence (country of origin before 1906).
1920,1920–1929,Northern & Western Europe,1290219,"DHS/OHSS Yearbook of Immigration Statistics 2016, Table 2",https://ohss.dhs.gov/sites/default/files/2023-12/2016%2520Yearbook%2520of%2520Immigration%2520Statistics.pdf,Persons obtaining LPR status by region of last residence (country of origin before 1906).
1920,1920–1929,Southern Europe,680845,"DHS/OHSS Yearbook of Immigration Statistics 2016, Table 2",https://ohss.dhs.gov/sites/default/files/2023-12/2016%2520Yearbook%2520of%2520Immigration%2520Statistics.pdf,Persons obtaining LPR status by region of last residence (country of origin before 1906).
1920,1920–1929,Eastern Europe,589276,"DHS/OHSS Yearbook of Immigration Statistics 2016, Table 2",https://ohss.dhs.gov/sites/default/files/2023-12/2016%2520Yearbook%2520of%2520Immigration%2520Statistics.pdf,Persons obtaining LPR status by region of last residence (country of origin before 1906).
1920,1920–1929,East Asia,72705,"DHS/OHSS Yearbook of Immigration Statistics 2016, Table 2",https://ohss.dhs.gov/sites/default/files/2023-12/2016%2520Yearbook%2520of%2520Immigration%2520Statistics.pdf,Persons obtaining LPR status by region of last residence (country of origin before 1906).
1920,1920–1929,South Asia,2076,"DHS/OHSS Yearbook of Immigration Statistics 2016, Table 2",https://ohss.dhs.gov/sites/default/files/2023-12/2016%2520Yearbook%2520of%2520Immigration%2520Statistics.pdf,Persons obtaining LPR status by region of last residence (country of origin before 1906).
1920,1920–1929,Southeast Asia,0,"DHS/OHSS Yearbook of Immigration Statistics 2016, Table 2",https://ohss.dhs.gov/sites/default/files/2023-12/2016%2520Yearbook%2520of%2520Immigration%2520Statistics.pdf,Persons obtaining LPR status by region of last residence (country of origin before 1906).
1920,1920–1929,Other Asia,6070,"DHS/OHSS Yearbook of Immigration Statistics 2016, Table 2",https://ohss.dhs.gov/sites/default/files/2023-12/2016%2520Yearbook%2520of%2520Immigration%2520Statistics.pdf,Persons obtaining LPR status by region of last residence (country of origin before 1906).
1920,1920–1929,Middle East & North Africa,46952,"DHS/OHSS Yearbook of Immigration Statistics 2016, Table 2",https://ohss.dhs.gov/sites/default/files/2023-12/2016%2520Yearbook%2520of%2520Immigration%2520Statistics.pdf,Persons obtaining LPR status by region of last residence (country of origin before 1906).
1920,1920–1929,Sub-Saharan Africa,5299,"DHS/OHSS Yearbook of Immigration Statistics 2016, Table 2",https://ohss.dhs.gov/sites/default/files/2023-12/2016%2520Yearbook%2520of%2520Immigration%2520Statistics.pdf,Persons obtaining LPR status by region of last residence (country of origin before 1906).
1920,1920–1929,Mexico & Central America,515456,"DHS/OHSS Yearbook of Immigration Statistics 2016, Table 2",https://ohss.dhs.gov/sites/default/files/2023-12/2016%2520Yearbook%2520of%2520Immigration%2520Statistics.pdf,Persons obtaining LPR status by region of last residence (country of origin before 1906).
1920,1920–1929,Caribbean,83482,"DHS/OHSS Yearbook of Immigration Statistics 2016, Table 2",https://ohss.dhs.gov/sites/default/files/2023-12/2016%2520Yearbook%2520of%2520Immigration%2520Statistics.pdf,Persons obtaining LPR status by region of last residence (country of origin before 1906).
1920,1920–1929,South America,43025,"DHS/OHSS Yearbook of Immigration Statistics 2016, Table 2",https://ohss.dhs.gov/sites/default/files/2023-12/2016%2520Yearbook%2520of%2520Immigration%2520Statistics.pdf,Persons obtaining LPR status by region of last residence (country of origin before 1906).
1920,1920–1929,Canada,949286,"DHS/OHSS Yearbook of Immigration Statistics 2016, Table 2",https://ohss.dhs.gov/sites/default/files/2023-12/2016%2520Yearbook%2520of%2520Immigration%2520Statistics.pdf,Persons obtaining LPR status by region of last residence (country of origin before 1906).
1920,1920–1929,Other & not specified,10819,"DHS/OHSS Yearbook of Immigration Statistics 2016, Table 2",https://ohss.dhs.gov/sites/default/files/2023-12/2016%2520Yearbook%2520of%2520Immigration%2520Statistics.pdf,Persons obtaining LPR status by region of last residence (country of origin before 1906).
1930,1930–1939,Northern & Western Europe,258659,"DHS/OHSS Yearbook of Immigration Statistics 2016, Table 2",https://ohss.dhs.gov/sites/default/files/2023-12/2016%2520Yearbook%2520of%2520Immigration%2520Statistics.pdf,Persons obtaining LPR status by region of last residence (country of origin before 1906).
1930,1930–1939,Southern Europe,102839,"DHS/OHSS Yearbook of Immigration Statistics 2016, Table 2",https://ohss.dhs.gov/sites/default/files/2023-12/2016%2520Yearbook%2520of%2520Immigration%2520Statistics.pdf,Persons obtaining LPR status by region of last residence (country of origin before 1906).
1930,1930–1939,Eastern Europe,82906,"DHS/OHSS Yearbook of Immigration Statistics 2016, Table 2",https://ohss.dhs.gov/sites/default/files/2023-12/2016%2520Yearbook%2520of%2520Immigration%2520Statistics.pdf,Persons obtaining LPR status by region of last residence (country of origin before 1906).
1930,1930–1939,East Asia,8557,"DHS/OHSS Yearbook of Immigration Statistics 2016, Table 2",https://ohss.dhs.gov/sites/default/files/2023-12/2016%2520Yearbook%2520of%2520Immigration%2520Statistics.pdf,Persons obtaining LPR status by region of last residence (country of origin before 1906).
1930,1930–1939,South Asia,554,"DHS/OHSS Yearbook of Immigration Statistics 2016, Table 2",https://ohss.dhs.gov/sites/default/files/2023-12/2016%2520Yearbook%2520of%2520Immigration%2520Statistics.pdf,Persons obtaining LPR status by region of last residence (country of origin before 1906).
1930,1930–1939,Southeast Asia,457,"DHS/OHSS Yearbook of Immigration Statistics 2016, Table 2",https://ohss.dhs.gov/sites/default/files/2023-12/2016%2520Yearbook%2520of%2520Immigration%2520Statistics.pdf,Persons obtaining LPR status by region of last residence (country of origin before 1906).
1930,1930–1939,Other Asia,6024,"DHS/OHSS Yearbook of Immigration Statistics 2016, Table 2",https://ohss.dhs.gov/sites/default/files/2023-12/2016%2520Yearbook%2520of%2520Immigration%2520Statistics.pdf,Persons obtaining LPR status by region of last residence (country of origin before 1906).
1930,1930–1939,Middle East & North Africa,4591,"DHS/OHSS Yearbook of Immigration Statistics 2016, Table 2",https://ohss.dhs.gov/sites/default/files/2023-12/2016%2520Yearbook%2520of%2520Immigration%2520Statistics.pdf,Persons obtaining LPR status by region of last residence (country of origin before 1906).
1930,1930–1939,Sub-Saharan Africa,1229,"DHS/OHSS Yearbook of Immigration Statistics 2016, Table 2",https://ohss.dhs.gov/sites/default/files/2023-12/2016%2520Yearbook%2520of%2520Immigration%2520Statistics.pdf,Persons obtaining LPR status by region of last residence (country of origin before 1906).
1930,1930–1939,Mexico & Central America,39549,"DHS/OHSS Yearbook of Immigration Statistics 2016, Table 2",https://ohss.dhs.gov/sites/default/files/2023-12/2016%2520Yearbook%2520of%2520Immigration%2520Statistics.pdf,Persons obtaining LPR status by region of last residence (country of origin before 1906).
1930,1930–1939,Caribbean,18052,"DHS/OHSS Yearbook of Immigration Statistics 2016, Table 2",https://ohss.dhs.gov/sites/default/files/2023-12/2016%2520Yearbook%2520of%2520Immigration%2520Statistics.pdf,Persons obtaining LPR status by region of last residence (country of origin before 1906).
1930,1930–1939,South America,9990,"DHS/OHSS Yearbook of Immigration Statistics 2016, Table 2",https://ohss.dhs.gov/sites/default/files/2023-12/2016%2520Yearbook%2520of%2520Immigration%2520Statistics.pdf,Persons obtaining LPR status by region of last residence (country of origin before 1906).
1930,1930–1939,Canada,162703,"DHS/OHSS Yearbook of Immigration Statistics 2016, Table 2",https://ohss.dhs.gov/sites/default/files/2023-12/2016%2520Yearbook%2520of%2520Immigration%2520Statistics.pdf,Persons obtaining LPR status by region of last residence (country of origin before 1906).
1930,1930–1939,Other & not specified,3265,"DHS/OHSS Yearbook of Immigration Statistics 2016, Table 2",https://ohss.dhs.gov/sites/default/files/2023-12/2016%2520Yearbook%2520of%2520Immigration%2520Statistics.pdf,Persons obtaining LPR status by region of last residence (country of origin before 1906).
1940,1940–1949,Northern & Western Europe,364211,"DHS/OHSS Yearbook of Immigration Statistics 2016, Table 2",https://ohss.dhs.gov/sites/default/files/2023-12/2016%2520Yearbook%2520of%2520Immigration%2520Statistics.pdf,Persons obtaining LPR status by region of last residence (country of origin before 1906).
1940,1940–1949,Southern Europe,68653,"DHS/OHSS Yearbook of Immigration Statistics 2016, Table 2",https://ohss.dhs.gov/sites/default/files/2023-12/2016%2520Yearbook%2520of%2520Immigration%2520Statistics.pdf,Persons obtaining LPR status by region of last residence (country of origin before 1906).
1940,1940–1949,Eastern Europe,39660,"DHS/OHSS Yearbook of Immigration Statistics 2016, Table 2",https://ohss.dhs.gov/sites/default/files/2023-12/2016%2520Yearbook%2520of%2520Immigration%2520Statistics.pdf,Persons obtaining LPR status by region of last residence (country of origin before 1906).
1940,1940–1949,East Asia,17712,"DHS/OHSS Yearbook of Immigration Statistics 2016, Table 2",https://ohss.dhs.gov/sites/default/files/2023-12/2016%2520Yearbook%2520of%2520Immigration%2520Statistics.pdf,Persons obtaining LPR status by region of last residence (country of origin before 1906).
1940,1940–1949,South Asia,1692,"DHS/OHSS Yearbook of Immigration Statistics 2016, Table 2",https://ohss.dhs.gov/sites/default/files/2023-12/2016%2520Yearbook%2520of%2520Immigration%2520Statistics.pdf,Persons obtaining LPR status by region of last residence (country of origin before 1906).
1940,1940–1949,Southeast Asia,4099,"DHS/OHSS Yearbook of Immigration Statistics 2016, Table 2",https://ohss.dhs.gov/sites/default/files/2023-12/2016%2520Yearbook%2520of%2520Immigration%2520Statistics.pdf,Persons obtaining LPR status by region of last residence (country of origin before 1906).
1940,1940–1949,Other Asia,7851,"DHS/OHSS Yearbook of Immigration Statistics 2016, Table 2",https://ohss.dhs.gov/sites/default/files/2023-12/2016%2520Yearbook%2520of%2520Immigration%2520Statistics.pdf,Persons obtaining LPR status by region of last residence (country of origin before 1906).
1940,1940–1949,Middle East & North Africa,6254,"DHS/OHSS Yearbook of Immigration Statistics 2016, Table 2",https://ohss.dhs.gov/sites/default/files/2023-12/2016%2520Yearbook%2520of%2520Immigration%2520Statistics.pdf,Persons obtaining LPR status by region of last residence (country of origin before 1906).
1940,1940–1949,Sub-Saharan Africa,3644,"DHS/OHSS Yearbook of Immigration Statistics 2016, Table 2",https://ohss.dhs.gov/sites/default/files/2023-12/2016%2520Yearbook%2520of%2520Immigration%2520Statistics.pdf,Persons obtaining LPR status by region of last residence (country of origin before 1906).
1940,1940–1949,Mexico & Central America,76293,"DHS/OHSS Yearbook of Immigration Statistics 2016, Table 2",https://ohss.dhs.gov/sites/default/files/2023-12/2016%2520Yearbook%2520of%2520Immigration%2520Statistics.pdf,Persons obtaining LPR status by region of last residence (country of origin before 1906).
1940,1940–1949,Caribbean,46285,"DHS/OHSS Yearbook of Immigration Statistics 2016, Table 2",https://ohss.dhs.gov/sites/default/files/2023-12/2016%2520Yearbook%2520of%2520Immigration%2520Statistics.pdf,Persons obtaining LPR status by region of last residence (country of origin before 1906).
1940,1940–1949,South America,19662,"DHS/OHSS Yearbook of Immigration Statistics 2016, Table 2",https://ohss.dhs.gov/sites/default/files/2023-12/2016%2520Yearbook%2520of%2520Immigration%2520Statistics.pdf,Persons obtaining LPR status by region of last residence (country of origin before 1906).
1940,1940–1949,Canada,160911,"DHS/OHSS Yearbook of Immigration Statistics 2016, Table 2",https://ohss.dhs.gov/sites/default/files/2023-12/2016%2520Yearbook%2520of%2520Immigration%2520Statistics.pdf,Persons obtaining LPR status by region of last residence (country of origin before 1906).
1940,1940–1949,Other & not specified,39681,"DHS/OHSS Yearbook of Immigration Statistics 2016, Table 2",https://ohss.dhs.gov/sites/default/files/2023-12/2016%2520Yearbook%2520of%2520Immigration%2520Statistics.pdf,Persons obtaining LPR status by region of last residence (country of origin before 1906).
1950,1950–1959,Northern & Western Europe,1013153,"DHS/OHSS Yearbook of Immigration Statistics 2016, Table 2",https://ohss.dhs.gov/sites/default/files/2023-12/2016%2520Yearbook%2520of%2520Immigration%2520Statistics.pdf,Persons obtaining LPR status by region of last residence (country of origin before 1906).
1950,1950–1959,Southern Europe,255022,"DHS/OHSS Yearbook of Immigration Statistics 2016, Table 2",https://ohss.dhs.gov/sites/default/files/2023-12/2016%2520Yearbook%2520of%2520Immigration%2520Statistics.pdf,Persons obtaining LPR status by region of last residence (country of origin before 1906).
1950,1950–1959,Eastern Europe,136798,"DHS/OHSS Yearbook of Immigration Statistics 2016, Table 2",https://ohss.dhs.gov/sites/default/files/2023-12/2016%2520Yearbook%2520of%2520Immigration%2520Statistics.pdf,Persons obtaining LPR status by region of last residence (country of origin before 1906).
1950,1950–1959,East Asia,70151,"DHS/OHSS Yearbook of Immigration Statistics 2016, Table 2",https://ohss.dhs.gov/sites/default/files/2023-12/2016%2520Yearbook%2520of%2520Immigration%2520Statistics.pdf,Persons obtaining LPR status by region of last residence (country of origin before 1906).
1950,1950–1959,South Asia,1922,"DHS/OHSS Yearbook of Immigration Statistics 2016, Table 2",https://ohss.dhs.gov/sites/default/files/2023-12/2016%2520Yearbook%2520of%2520Immigration%2520Statistics.pdf,Persons obtaining LPR status by region of last residence (country of origin before 1906).
1950,1950–1959,Southeast Asia,17535,"DHS/OHSS Yearbook of Immigration Statistics 2016, Table 2",https://ohss.dhs.gov/sites/default/files/2023-12/2016%2520Yearbook%2520of%2520Immigration%2520Statistics.pdf,Persons obtaining LPR status by region of last residence (country of origin before 1906).
1950,1950–1959,Other Asia,12675,"DHS/OHSS Yearbook of Immigration Statistics 2016, Table 2",https://ohss.dhs.gov/sites/default/files/2023-12/2016%2520Yearbook%2520of%2520Immigration%2520Statistics.pdf,Persons obtaining LPR status by region of last residence (country of origin before 1906).
1950,1950–1959,Middle East & North Africa,38850,"DHS/OHSS Yearbook of Immigration Statistics 2016, Table 2",https://ohss.dhs.gov/sites/default/files/2023-12/2016%2520Yearbook%2520of%2520Immigration%2520Statistics.pdf,Persons obtaining LPR status by region of last residence (country of origin before 1906).
1950,1950–1959,Sub-Saharan Africa,7727,"DHS/OHSS Yearbook of Immigration Statistics 2016, Table 2",https://ohss.dhs.gov/sites/default/files/2023-12/2016%2520Yearbook%2520of%2520Immigration%2520Statistics.pdf,Persons obtaining LPR status by region of last residence (country of origin before 1906).
1950,1950–1959,Mexico & Central America,314048,"DHS/OHSS Yearbook of Immigration Statistics 2016, Table 2",https://ohss.dhs.gov/sites/default/files/2023-12/2016%2520Yearbook%2520of%2520Immigration%2520Statistics.pdf,Persons obtaining LPR status by region of last residence (country of origin before 1906).
1950,1950–1959,Caribbean,115869,"DHS/OHSS Yearbook of Immigration Statistics 2016, Table 2",https://ohss.dhs.gov/sites/default/files/2023-12/2016%2520Yearbook%2520of%2520Immigration%2520Statistics.pdf,Persons obtaining LPR status by region of last residence (country of origin before 1906).
1950,1950–1959,South America,78418,"DHS/OHSS Yearbook of Immigration Statistics 2016, Table 2",https://ohss.dhs.gov/sites/default/files/2023-12/2016%2520Yearbook%2520of%2520Immigration%2520Statistics.pdf,Persons obtaining LPR status by region of last residence (country of origin before 1906).
1950,1950–1959,Canada,353169,"DHS/OHSS Yearbook of Immigration Statistics 2016, Table 2",https://ohss.dhs.gov/sites/default/files/2023-12/2016%2520Yearbook%2520of%2520Immigration%2520Statistics.pdf,Persons obtaining LPR status by region of last residence (country of origin before 1906).
1950,1950–1959,Other & not specified,83931,"DHS/OHSS Yearbook of Immigration Statistics 2016, Table 2",https://ohss.dhs.gov/sites/default/files/2023-12/2016%2520Yearbook%2520of%2520Immigration%2520Statistics.pdf,Persons obtaining LPR status by region of last residence (country of origin before 1906).
1960,1960–1969,Northern & Western Europe,631607,"DHS/OHSS Yearbook of Immigration Statistics 2016, Table 2",https://ohss.dhs.gov/sites/default/files/2023-12/2016%2520Yearbook%2520of%2520Immigration%2520Statistics.pdf,Persons obtaining LPR status by region of last residence (country of origin before 1906).
1960,1960–1969,Southern Europe,385645,"DHS/OHSS Yearbook of Immigration Statistics 2016, Table 2",https://ohss.dhs.gov/sites/default/files/2023-12/2016%2520Yearbook%2520of%2520Immigration%2520Statistics.pdf,Persons obtaining LPR status by region of last residence (country of origin before 1906).
1960,1960–1969,Eastern Europe,116191,"DHS/OHSS Yearbook of Immigration Statistics 2016, Table 2",https://ohss.dhs.gov/sites/default/files/2023-12/2016%2520Yearbook%2520of%2520Immigration%2520Statistics.pdf,Persons obtaining LPR status by region of last residence (country of origin before 1906).
1960,1960–1969,East Asia,164768,"DHS/OHSS Yearbook of Immigration Statistics 2016, Table 2",https://ohss.dhs.gov/sites/default/files/2023-12/2016%2520Yearbook%2520of%2520Immigration%2520Statistics.pdf,Persons obtaining LPR status by region of last residence (country of origin before 1906).
1960,1960–1969,South Asia,18638,"DHS/OHSS Yearbook of Immigration Statistics 2016, Table 2",https://ohss.dhs.gov/sites/default/files/2023-12/2016%2520Yearbook%2520of%2520Immigration%2520Statistics.pdf,Persons obtaining LPR status by region of last residence (country of origin before 1906).
1960,1960–1969,Southeast Asia,73609,"DHS/OHSS Yearbook of Immigration Statistics 2016, Table 2",https://ohss.dhs.gov/sites/default/files/2023-12/2016%2520Yearbook%2520of%2520Immigration%2520Statistics.pdf,Persons obtaining LPR status by region of last residence (country of origin before 1906).
1960,1960–1969,Other Asia,40452,"DHS/OHSS Yearbook of Immigration Statistics 2016, Table 2",https://ohss.dhs.gov/sites/default/files/2023-12/2016%2520Yearbook%2520of%2520Immigration%2520Statistics.pdf,Persons obtaining LPR status by region of last residence (country of origin before 1906).
1960,1960–1969,Middle East & North Africa,69557,"DHS/OHSS Yearbook of Immigration Statistics 2016, Table 2",https://ohss.dhs.gov/sites/default/files/2023-12/2016%2520Yearbook%2520of%2520Immigration%2520Statistics.pdf,Persons obtaining LPR status by region of last residence (country of origin before 1906).
1960,1960–1969,Sub-Saharan Africa,15319,"DHS/OHSS Yearbook of Immigration Statistics 2016, Table 2",https://ohss.dhs.gov/sites/default/files/2023-12/2016%2520Yearbook%2520of%2520Immigration%2520Statistics.pdf,Persons obtaining LPR status by region of last residence (country of origin before 1906).
1960,1960–1969,Mexico & Central America,540393,"DHS/OHSS Yearbook of Immigration Statistics 2016, Table 2",https://ohss.dhs.gov/sites/default/files/2023-12/2016%2520Yearbook%2520of%2520Immigration%2520Statistics.pdf,Persons obtaining LPR status by region of last residence (country of origin before 1906).
1960,1960–1969,Caribbean,427843,"DHS/OHSS Yearbook of Immigration Statistics 2016, Table 2",https://ohss.dhs.gov/sites/default/files/2023-12/2016%2520Yearbook%2520of%2520Immigration%2520Statistics.pdf,Persons obtaining LPR status by region of last residence (country of origin before 1906).
1960,1960–1969,South America,250754,"DHS/OHSS Yearbook of Immigration Statistics 2016, Table 2",https://ohss.dhs.gov/sites/default/files/2023-12/2016%2520Yearbook%2520of%2520Immigration%2520Statistics.pdf,Persons obtaining LPR status by region of last residence (country of origin before 1906).
1960,1960–1969,Canada,433128,"DHS/OHSS Yearbook of Immigration Statistics 2016, Table 2",https://ohss.dhs.gov/sites/default/files/2023-12/2016%2520Yearbook%2520of%2520Immigration%2520Statistics.pdf,Persons obtaining LPR status by region of last residence (country of origin before 1906).
1960,1960–1969,Other & not specified,45845,"DHS/OHSS Yearbook of Immigration Statistics 2016, Table 2",https://ohss.dhs.gov/sites/default/files/2023-12/2016%2520Yearbook%2520of%2520Immigration%2520Statistics.pdf,Persons obtaining LPR status by region of last residence (country of origin before 1906).
1970,1970–1979,Northern & Western Europe,290693,"DHS/OHSS Yearbook of Immigration Statistics 2016, Table 2",https://ohss.dhs.gov/sites/default/files/2023-12/2016%2520Yearbook%2520of%2520Immigration%2520Statistics.pdf,Persons obtaining LPR status by region of last residence (country of origin before 1906).
1970,1970–1979,Southern Europe,398873,"DHS/OHSS Yearbook of Immigration Statistics 2016, Table 2",https://ohss.dhs.gov/sites/default/files/2023-12/2016%2520Yearbook%2520of%2520Immigration%2520Statistics.pdf,Persons obtaining LPR status by region of last residence (country of origin before 1906).
1970,1970–1979,Eastern Europe,136761,"DHS/OHSS Yearbook of Immigration Statistics 2016, Table 2",https://ohss.dhs.gov/sites/default/files/2023-12/2016%2520Yearbook%2520of%2520Immigration%2520Statistics.pdf,Persons obtaining LPR status by region of last residence (country of origin before 1906).
1970,1970–1979,East Asia,512136,"DHS/OHSS Yearbook of Immigration Statistics 2016, Table 2",https://ohss.dhs.gov/sites/default/files/2023-12/2016%2520Yearbook%2520of%2520Immigration%2520Statistics.pdf,Persons obtaining LPR status by region of last residence (country of origin before 1906).
1970,1970–1979,South Asia,148018,"DHS/OHSS Yearbook of Immigration Statistics 2016, Table 2",https://ohss.dhs.gov/sites/default/files/2023-12/2016%2520Yearbook%2520of%2520Immigration%2520Statistics.pdf,Persons obtaining LPR status by region of last residence (country of origin before 1906).
1970,1970–1979,Southeast Asia,459442,"DHS/OHSS Yearbook of Immigration Statistics 2016, Table 2",https://ohss.dhs.gov/sites/default/files/2023-12/2016%2520Yearbook%2520of%2520Immigration%2520Statistics.pdf,Persons obtaining LPR status by region of last residence (country of origin before 1906).
1970,1970–1979,Other Asia,171025,"DHS/OHSS Yearbook of Immigration Statistics 2016, Table 2",https://ohss.dhs.gov/sites/default/files/2023-12/2016%2520Yearbook%2520of%2520Immigration%2520Statistics.pdf,Persons obtaining LPR status by region of last residence (country of origin before 1906).
1970,1970–1979,Middle East & North Africa,141415,"DHS/OHSS Yearbook of Immigration Statistics 2016, Table 2",https://ohss.dhs.gov/sites/default/files/2023-12/2016%2520Yearbook%2520of%2520Immigration%2520Statistics.pdf,Persons obtaining LPR status by region of last residence (country of origin before 1906).
1970,1970–1979,Sub-Saharan Africa,45895,"DHS/OHSS Yearbook of Immigration Statistics 2016, Table 2",https://ohss.dhs.gov/sites/default/files/2023-12/2016%2520Yearbook%2520of%2520Immigration%2520Statistics.pdf,Persons obtaining LPR status by region of last residence (country of origin before 1906).
1970,1970–1979,Mexico & Central America,741594,"DHS/OHSS Yearbook of Immigration Statistics 2016, Table 2",https://ohss.dhs.gov/sites/default/files/2023-12/2016%2520Yearbook%2520of%2520Immigration%2520Statistics.pdf,Persons obtaining LPR status by region of last residence (country of origin before 1906).
1970,1970–1979,Caribbean,708643,"DHS/OHSS Yearbook of Immigration Statistics 2016, Table 2",https://ohss.dhs.gov/sites/default/files/2023-12/2016%2520Yearbook%2520of%2520Immigration%2520Statistics.pdf,Persons obtaining LPR status by region of last residence (country of origin before 1906).
1970,1970–1979,South America,273529,"DHS/OHSS Yearbook of Immigration Statistics 2016, Table 2",https://ohss.dhs.gov/sites/default/files/2023-12/2016%2520Yearbook%2520of%2520Immigration%2520Statistics.pdf,Persons obtaining LPR status by region of last residence (country of origin before 1906).
1970,1970–1979,Canada,179267,"DHS/OHSS Yearbook of Immigration Statistics 2016, Table 2",https://ohss.dhs.gov/sites/default/files/2023-12/2016%2520Yearbook%2520of%2520Immigration%2520Statistics.pdf,Persons obtaining LPR status by region of last residence (country of origin before 1906).
1970,1970–1979,Other & not specified,40912,"DHS/OHSS Yearbook of Immigration Statistics 2016, Table 2",https://ohss.dhs.gov/sites/default/files/2023-12/2016%2520Yearbook%2520of%2520Immigration%2520Statistics.pdf,Persons obtaining LPR status by region of last residence (country of origin before 1906).
1980,1980–1989,Northern & Western Europe,342435,"DHS/OHSS Yearbook of Immigration Statistics 2016, Table 2",https://ohss.dhs.gov/sites/default/files/2023-12/2016%2520Yearbook%2520of%2520Immigration%2520Statistics.pdf,Persons obtaining LPR status by region of last residence (country of origin before 1906).
1980,1980–1989,Southern Europe,158759,"DHS/OHSS Yearbook of Immigration Statistics 2016, Table 2",https://ohss.dhs.gov/sites/default/files/2023-12/2016%2520Yearbook%2520of%2520Immigration%2520Statistics.pdf,Persons obtaining LPR status by region of last residence (country of origin before 1906).
1980,1980–1989,Eastern Europe,168500,"DHS/OHSS Yearbook of Immigration Statistics 2016, Table 2",https://ohss.dhs.gov/sites/default/files/2023-12/2016%2520Yearbook%2520of%2520Immigration%2520Statistics.pdf,Persons obtaining LPR status by region of last residence (country of origin before 1906).
1980,1980–1989,East Asia,768938,"DHS/OHSS Yearbook of Immigration Statistics 2016, Table 2",https://ohss.dhs.gov/sites/default/files/2023-12/2016%2520Yearbook%2520of%2520Immigration%2520Statistics.pdf,Persons obtaining LPR status by region of last residence (country of origin before 1906).
1980,1980–1989,South Asia,231649,"DHS/OHSS Yearbook of Immigration Statistics 2016, Table 2",https://ohss.dhs.gov/sites/default/files/2023-12/2016%2520Yearbook%2520of%2520Immigration%2520Statistics.pdf,Persons obtaining LPR status by region of last residence (country of origin before 1906).
1980,1980–1989,Southeast Asia,702688,"DHS/OHSS Yearbook of Immigration Statistics 2016, Table 2",https://ohss.dhs.gov/sites/default/files/2023-12/2016%2520Yearbook%2520of%2520Immigration%2520Statistics.pdf,Persons obtaining LPR status by region of last residence (country of origin before 1906).
1980,1980–1989,Other Asia,483601,"DHS/OHSS Yearbook of Immigration Statistics 2016, Table 2",https://ohss.dhs.gov/sites/default/files/2023-12/2016%2520Yearbook%2520of%2520Immigration%2520Statistics.pdf,Persons obtaining LPR status by region of last residence (country of origin before 1906).
1980,1980–1989,Middle East & North Africa,234695,"DHS/OHSS Yearbook of Immigration Statistics 2016, Table 2",https://ohss.dhs.gov/sites/default/files/2023-12/2016%2520Yearbook%2520of%2520Immigration%2520Statistics.pdf,Persons obtaining LPR status by region of last residence (country of origin before 1906).
1980,1980–1989,Sub-Saharan Africa,111772,"DHS/OHSS Yearbook of Immigration Statistics 2016, Table 2",https://ohss.dhs.gov/sites/default/files/2023-12/2016%2520Yearbook%2520of%2520Immigration%2520Statistics.pdf,Persons obtaining LPR status by region of last residence (country of origin before 1906).
1980,1980–1989,Mexico & Central America,1348962,"DHS/OHSS Yearbook of Immigration Statistics 2016, Table 2",https://ohss.dhs.gov/sites/default/files/2023-12/2016%2520Yearbook%2520of%2520Immigration%2520Statistics.pdf,Persons obtaining LPR status by region of last residence (country of origin before 1906).
1980,1980–1989,Caribbean,789343,"DHS/OHSS Yearbook of Immigration Statistics 2016, Table 2",https://ohss.dhs.gov/sites/default/files/2023-12/2016%2520Yearbook%2520of%2520Immigration%2520Statistics.pdf,Persons obtaining LPR status by region of last residence (country of origin before 1906).
1980,1980–1989,South America,399803,"DHS/OHSS Yearbook of Immigration Statistics 2016, Table 2",https://ohss.dhs.gov/sites/default/files/2023-12/2016%2520Yearbook%2520of%2520Immigration%2520Statistics.pdf,Persons obtaining LPR status by region of last residence (country of origin before 1906).
1980,1980–1989,Canada,156313,"DHS/OHSS Yearbook of Immigration Statistics 2016, Table 2",https://ohss.dhs.gov/sites/default/files/2023-12/2016%2520Yearbook%2520of%2520Immigration%2520Statistics.pdf,Persons obtaining LPR status by region of last residence (country of origin before 1906).
1980,1980–1989,Other & not specified,346921,"DHS/OHSS Yearbook of Immigration Statistics 2016, Table 2",https://ohss.dhs.gov/sites/default/files/2023-12/2016%2520Yearbook%2520of%2520Immigration%2520Statistics.pdf,Persons obtaining LPR status by region of last residence (country of origin before 1906).
1990,1990–1999,Northern & Western Europe,410499,"DHS/OHSS Yearbook of Immigration Statistics 2016, Table 2",https://ohss.dhs.gov/sites/default/files/2023-12/2016%2520Yearbook%2520of%2520Immigration%2520Statistics.pdf,Persons obtaining LPR status by region of last residence (country of origin before 1906).
1990,1990–1999,Southern Europe,145335,"DHS/OHSS Yearbook of Immigration Statistics 2016, Table 2",https://ohss.dhs.gov/sites/default/files/2023-12/2016%2520Yearbook%2520of%2520Immigration%2520Statistics.pdf,Persons obtaining LPR status by region of last residence (country of origin before 1906).
1990,1990–1999,Eastern Europe,793385,"DHS/OHSS Yearbook of Immigration Statistics 2016, Table 2",https://ohss.dhs.gov/sites/default/files/2023-12/2016%2520Yearbook%2520of%2520Immigration%2520Statistics.pdf,Persons obtaining LPR status by region of last residence (country of origin before 1906).
1990,1990–1999,East Asia,837951,"DHS/OHSS Yearbook of Immigration Statistics 2016, Table 2",https://ohss.dhs.gov/sites/default/files/2023-12/2016%2520Yearbook%2520of%2520Immigration%2520Statistics.pdf,Persons obtaining LPR status by region of last residence (country of origin before 1906).
1990,1990–1999,South Asia,352528,"DHS/OHSS Yearbook of Immigration Statistics 2016, Table 2",https://ohss.dhs.gov/sites/default/files/2023-12/2016%2520Yearbook%2520of%2520Immigration%2520Statistics.pdf,Persons obtaining LPR status by region of last residence (country of origin before 1906).
1990,1990–1999,Southeast Asia,809717,"DHS/OHSS Yearbook of Immigration Statistics 2016, Table 2",https://ohss.dhs.gov/sites/default/files/2023-12/2016%2520Yearbook%2520of%2520Immigration%2520Statistics.pdf,Persons obtaining LPR status by region of last residence (country of origin before 1906).
1990,1990–1999,Other Asia,637116,"DHS/OHSS Yearbook of Immigration Statistics 2016, Table 2",https://ohss.dhs.gov/sites/default/files/2023-12/2016%2520Yearbook%2520of%2520Immigration%2520Statistics.pdf,Persons obtaining LPR status by region of last residence (country of origin before 1906).
1990,1990–1999,Middle East & North Africa,282959,"DHS/OHSS Yearbook of Immigration Statistics 2016, Table 2",https://ohss.dhs.gov/sites/default/files/2023-12/2016%2520Yearbook%2520of%2520Immigration%2520Statistics.pdf,Persons obtaining LPR status by region of last residence (country of origin before 1906).
1990,1990–1999,Sub-Saharan Africa,286038,"DHS/OHSS Yearbook of Immigration Statistics 2016, Table 2",https://ohss.dhs.gov/sites/default/files/2023-12/2016%2520Yearbook%2520of%2520Immigration%2520Statistics.pdf,Persons obtaining LPR status by region of last residence (country of origin before 1906).
1990,1990–1999,Mexico & Central America,3367607,"DHS/OHSS Yearbook of Immigration Statistics 2016, Table 2",https://ohss.dhs.gov/sites/default/files/2023-12/2016%2520Yearbook%2520of%2520Immigration%2520Statistics.pdf,Persons obtaining LPR status by region of last residence (country of origin before 1906).
1990,1990–1999,Caribbean,1004114,"DHS/OHSS Yearbook of Immigration Statistics 2016, Table 2",https://ohss.dhs.gov/sites/default/files/2023-12/2016%2520Yearbook%2520of%2520Immigration%2520Statistics.pdf,Persons obtaining LPR status by region of last residence (country of origin before 1906).
1990,1990–1999,South America,570596,"DHS/OHSS Yearbook of Immigration Statistics 2016, Table 2",https://ohss.dhs.gov/sites/default/files/2023-12/2016%2520Yearbook%2520of%2520Immigration%2520Statistics.pdf,Persons obtaining LPR status by region of last residence (country of origin before 1906).
1990,1990–1999,Canada,194788,"DHS/OHSS Yearbook of Immigration Statistics 2016, Table 2",https://ohss.dhs.gov/sites/default/files/2023-12/2016%2520Yearbook%2520of%2520Immigration%2520Statistics.pdf,Persons obtaining LPR status by region of last residence (country of origin before 1906).
1990,1990–1999,Other & not specified,82765,"DHS/OHSS Yearbook of Immigration Statistics 2016, Table 2",https://ohss.dhs.gov/sites/default/files/2023-12/2016%2520Yearbook%2520of%2520Immigration%2520Statistics.pdf,Persons obtaining LPR status by region of last residence (country of origin before 1906).
2000,2000–2009,Northern & Western Europe,422713,"DHS/OHSS Yearbook of Immigration Statistics 2016, Table 2",https://ohss.dhs.gov/sites/default/files/2023-12/2016%2520Yearbook%2520of%2520Immigration%2520Statistics.pdf,Persons obtaining LPR status by region of last residence (country of origin before 1906).
2000,2000–2009,Southern Europe,74344,"DHS/OHSS Yearbook of Immigration Statistics 2016, Table 2",https://ohss.dhs.gov/sites/default/files/2023-12/2016%2520Yearbook%2520of%2520Immigration%2520Statistics.pdf,Persons obtaining LPR status by region of last residence (country of origin before 1906).
2000,2000–2009,Eastern Europe,852552,"DHS/OHSS Yearbook of Immigration Statistics 2016, Table 2",https://ohss.dhs.gov/sites/default/files/2023-12/2016%2520Yearbook%2520of%2520Immigration%2520Statistics.pdf,Persons obtaining LPR status by region of last residence (country of origin before 1906).
2000,2000–2009,East Asia,1036261,"DHS/OHSS Yearbook of Immigration Statistics 2016, Table 2",https://ohss.dhs.gov/sites/default/files/2023-12/2016%2520Yearbook%2520of%2520Immigration%2520Statistics.pdf,Persons obtaining LPR status by region of last residence (country of origin before 1906).
2000,2000–2009,South Asia,590464,"DHS/OHSS Yearbook of Immigration Statistics 2016, Table 2",https://ohss.dhs.gov/sites/default/files/2023-12/2016%2520Yearbook%2520of%2520Immigration%2520Statistics.pdf,Persons obtaining LPR status by region of last residence (country of origin before 1906).
2000,2000–2009,Southeast Asia,835079,"DHS/OHSS Yearbook of Immigration Statistics 2016, Table 2",https://ohss.dhs.gov/sites/default/files/2023-12/2016%2520Yearbook%2520of%2520Immigration%2520Statistics.pdf,Persons obtaining LPR status by region of last residence (country of origin before 1906).
2000,2000–2009,Other Asia,745444,"DHS/OHSS Yearbook of Immigration Statistics 2016, Table 2",https://ohss.dhs.gov/sites/default/files/2023-12/2016%2520Yearbook%2520of%2520Immigration%2520Statistics.pdf,Persons obtaining LPR status by region of last residence (country of origin before 1906).
2000,2000–2009,Middle East & North Africa,385995,"DHS/OHSS Yearbook of Immigration Statistics 2016, Table 2",https://ohss.dhs.gov/sites/default/files/2023-12/2016%2520Yearbook%2520of%2520Immigration%2520Statistics.pdf,Persons obtaining LPR status by region of last residence (country of origin before 1906).
2000,2000–2009,Sub-Saharan Africa,637326,"DHS/OHSS Yearbook of Immigration Statistics 2016, Table 2",https://ohss.dhs.gov/sites/default/files/2023-12/2016%2520Yearbook%2520of%2520Immigration%2520Statistics.pdf,Persons obtaining LPR status by region of last residence (country of origin before 1906).
2000,2000–2009,Mexico & Central America,2295296,"DHS/OHSS Yearbook of Immigration Statistics 2016, Table 2",https://ohss.dhs.gov/sites/default/files/2023-12/2016%2520Yearbook%2520of%2520Immigration%2520Statistics.pdf,Persons obtaining LPR status by region of last residence (country of origin before 1906).
2000,2000–2009,Caribbean,1053357,"DHS/OHSS Yearbook of Immigration Statistics 2016, Table 2",https://ohss.dhs.gov/sites/default/files/2023-12/2016%2520Yearbook%2520of%2520Immigration%2520Statistics.pdf,Persons obtaining LPR status by region of last residence (country of origin before 1906).
2000,2000–2009,South America,856508,"DHS/OHSS Yearbook of Immigration Statistics 2016, Table 2",https://ohss.dhs.gov/sites/default/files/2023-12/2016%2520Yearbook%2520of%2520Immigration%2520Statistics.pdf,Persons obtaining LPR status by region of last residence (country of origin before 1906).
2000,2000–2009,Canada,236349,"DHS/OHSS Yearbook of Immigration Statistics 2016, Table 2",https://ohss.dhs.gov/sites/default/files/2023-12/2016%2520Yearbook%2520of%2520Immigration%2520Statistics.pdf,Persons obtaining LPR status by region of last residence (country of origin before 1906).
2000,2000–2009,Other & not specified,277742,"DHS/OHSS Yearbook of Immigration Statistics 2016, Table 2",https://ohss.dhs.gov/sites/default/files/2023-12/2016%2520Yearbook%2520of%2520Immigration%2520Statistics.pdf,Persons obtaining LPR status by region of last residence (country of origin before 1906).
2010,2010–16,Northern & Western Europe,232068,"DHS/OHSS Yearbook of Immigration Statistics 2016, Table 2",https://ohss.dhs.gov/sites/default/files/2023-12/2016%2520Yearbook%2520of%2520Immigration%2520Statistics.pdf,Partial decade: sums fiscal years 2010–2016 only.
2010,2010–16,Southern Europe,59908,"DHS/OHSS Yearbook of Immigration Statistics 2016, Table 2",https://ohss.dhs.gov/sites/default/files/2023-12/2016%2520Yearbook%2520of%2520Immigration%2520Statistics.pdf,Partial decade: sums fiscal years 2010–2016 only.
2010,2010–16,Eastern Europe,348838,"DHS/OHSS Yearbook of Immigration Statistics 2016, Table 2",https://ohss.dhs.gov/sites/default/files/2023-12/2016%2520Yearbook%2520of%2520Immigration%2520Statistics.pdf,Partial decade: sums fiscal years 2010–2016 only.
2010,2010–16,East Asia,768198,"DHS/OHSS Yearbook of Immigration Statistics 2016, Table 2",https://ohss.dhs.gov/sites/default/files/2023-12/2016%2520Yearbook%2520of%2520Immigration%2520Statistics.pdf,Partial decade: sums fiscal years 2010–2016 only.
2010,2010–16,South Asia,458864,"DHS/OHSS Yearbook of Immigration Statistics 2016, Table 2",https://ohss.dhs.gov/sites/default/files/2023-12/2016%2520Yearbook%2520of%2520Immigration%2520Statistics.pdf,Partial decade: sums fiscal years 2010–2016 only.
2010,2010–16,Southeast Asia,591871,"DHS/OHSS Yearbook of Immigration Statistics 2016, Table 2",https://ohss.dhs.gov/sites/default/files/2023-12/2016%2520Yearbook%2520of%2520Immigration%2520Statistics.pdf,Partial decade: sums fiscal years 2010–2016 only.
2010,2010–16,Other Asia,857086,"DHS/OHSS Yearbook of Immigration Statistics 2016, Table 2",https://ohss.dhs.gov/sites/default/files/2023-12/2016%2520Yearbook%2520of%2520Immigration%2520Statistics.pdf,Partial decade: sums fiscal years 2010–2016 only.
2010,2010–16,Middle East & North Africa,353118,"DHS/OHSS Yearbook of Immigration Statistics 2016, Table 2",https://ohss.dhs.gov/sites/default/files/2023-12/2016%2520Yearbook%2520of%2520Immigration%2520Statistics.pdf,Partial decade: sums fiscal years 2010–2016 only.
2010,2010–16,Sub-Saharan Africa,591745,"DHS/OHSS Yearbook of Immigration Statistics 2016, Table 2",https://ohss.dhs.gov/sites/default/files/2023-12/2016%2520Yearbook%2520of%2520Immigration%2520Statistics.pdf,Partial decade: sums fiscal years 2010–2016 only.
2010,2010–16,Mexico & Central America,1339569,"DHS/OHSS Yearbook of Immigration Statistics 2016, Table 2",https://ohss.dhs.gov/sites/default/files/2023-12/2016%2520Yearbook%2520of%2520Immigration%2520Statistics.pdf,Partial decade: sums fiscal years 2010–2016 only.
2010,2010–16,Caribbean,980480,"DHS/OHSS Yearbook of Immigration Statistics 2016, Table 2",https://ohss.dhs.gov/sites/default/files/2023-12/2016%2520Yearbook%2520of%2520Immigration%2520Statistics.pdf,Partial decade: sums fiscal years 2010–2016 only.
2010,2010–16,South America,545260,"DHS/OHSS Yearbook of Immigration Statistics 2016, Table 2",https://ohss.dhs.gov/sites/default/files/2023-12/2016%2520Yearbook%2520of%2520Immigration%2520Statistics.pdf,Partial decade: sums fiscal years 2010–2016 only.
2010,2010–16,Canada,135952,"DHS/OHSS Yearbook of Immigration Statistics 2016, Table 2",https://ohss.dhs.gov/sites/default/files/2023-12/2016%2520Yearbook%2520of%2520Immigration%2520Statistics.pdf,Partial decade: sums fiscal years 2010–2016 only.
2010,2010–16,Other & not specified,114946,"DHS/OHSS Yearbook of Immigration Statistics 2016, Table 2",https://ohss.dhs.gov/sites/default/files/2023-12/2016%2520Yearbook%2520of%2520Immigration%2520Statistics.pdf,Partial decade: sums fiscal years 2010–2016 only.
